High,Low,Open,Close,Volume,Adj Close,Return,Date,Week_Number,Year,Day,Weekday,mean_return,volatility
99.55999755859375,98.33999633789062,98.56999969482422,99.18000030517578,506300.0,94.8961181640625,0.0,2019-01-02,00,2019,2,Wednesday,-0.10499999999999998,3.594650330699775
96.83000183105469,95.44999694824219,96.7300033569336,95.45999908447266,807800.0,91.33679962158203,-3.751,2019-01-03,00,2019,3,Thursday,-0.10499999999999998,3.594650330699775
99.19999694824219,96.91000366210938,97.33999633789062,98.73999786376953,1038100.0,94.47512817382812,3.436,2019-01-04,00,2019,4,Friday,-0.10499999999999998,3.594650330699775
100.19000244140625,98.76000213623047,99.44000244140625,99.70999908447266,861600.0,95.40322875976562,0.982,2019-01-07,01,2019,7,Monday,0.6532,1.153408730676164
101.4800033569336,100.43000030517578,101.37000274658203,101.2699966430664,548600.0,96.89584350585938,1.565,2019-01-08,01,2019,8,Tuesday,0.6532,1.153408730676164
103.16999816894531,102.29000091552734,102.77999877929688,102.6500015258789,516400.0,98.21623992919922,1.363,2019-01-09,01,2019,9,Wednesday,0.6532,1.153408730676164
103.41000366210938,102.08000183105469,102.55000305175781,103.33999633789062,663800.0,98.87643432617188,0.672,2019-01-10,01,2019,10,Thursday,0.6532,1.153408730676164
102.44000244140625,101.58000183105469,102.19999694824219,101.9800033569336,576900.0,97.57518768310547,-1.316,2019-01-11,01,2019,11,Friday,0.6532,1.153408730676164
101.52999877929688,100.6500015258789,100.6500015258789,101.11000061035156,629000.0,96.74275970458984,-0.853,2019-01-14,02,2019,14,Monday,0.7326,1.1988018184837725
102.5,100.8499984741211,100.8499984741211,102.43000030517578,443100.0,98.00574493408203,1.306,2019-01-15,02,2019,15,Tuesday,0.7326,1.1988018184837725
102.58999633789062,101.70999908447266,101.7300033569336,102.25,442500.0,97.83351135253906,-0.176,2019-01-16,02,2019,16,Wednesday,0.7326,1.1988018184837725
103.93000030517578,102.30000305175781,102.37000274658203,103.62999725341797,338000.0,99.15390014648438,1.35,2019-01-17,02,2019,17,Thursday,0.7326,1.1988018184837725
106.12999725341797,104.62000274658203,105.23999786376953,105.73999786376953,484400.0,101.17277526855469,2.036,2019-01-18,02,2019,18,Friday,0.7326,1.1988018184837725
103.83000183105469,102.88999938964844,103.51000213623047,103.33000183105469,680400.0,98.86687469482422,-2.279,2019-01-22,03,2019,22,Tuesday,0.07350000000000007,1.5939990589708641
104.98999786376953,103.66000366210938,104.7699966430664,104.0999984741211,539100.0,99.60360717773438,0.745,2019-01-23,03,2019,23,Wednesday,0.07350000000000007,1.5939990589708641
105.61000061035156,104.72000122070312,105.55999755859375,105.4000015258789,1999100.0,100.84746551513672,1.249,2019-01-24,03,2019,24,Thursday,0.07350000000000007,1.5939990589708641
106.54000091552734,105.58999633789062,106.5,106.01000213623047,1036500.0,101.43111419677734,0.579,2019-01-25,03,2019,25,Friday,0.07350000000000007,1.5939990589708641
108.30999755859375,105.4000015258789,105.9000015258789,106.94000244140625,2299600.0,102.32093811035156,0.877,2019-01-28,04,2019,28,Monday,-0.37460000000000004,2.056742764664556
103.88999938964844,102.1500015258789,103.37000274658203,102.69000244140625,2048500.0,98.25452423095703,-3.974,2019-01-29,04,2019,29,Tuesday,-0.37460000000000004,2.056742764664556
103.1500015258789,100.97000122070312,101.95999908447266,102.5199966430664,1275500.0,98.09185028076172,-0.166,2019-01-30,04,2019,30,Wednesday,-0.37460000000000004,2.056742764664556
103.75,102.30999755859375,102.47000122070312,103.41999816894531,1027200.0,98.9529800415039,0.878,2019-01-31,04,2019,31,Thursday,-0.37460000000000004,2.056742764664556
104.55999755859375,103.4800033569336,103.81999969482422,103.94999694824219,566200.0,99.46009063720703,0.512,2019-02-01,04,2019,1,Friday,-0.37460000000000004,2.056742764664556
104.29000091552734,102.93000030517578,103.19000244140625,104.20999908447266,564900.0,99.70885467529297,0.25,2019-02-04,05,2019,4,Monday,0.023600000000000086,1.4241038585721197
106.37999725341797,105.5999984741211,105.83999633789062,106.2699966430664,709500.0,101.67987823486328,1.977,2019-02-05,05,2019,5,Tuesday,0.023600000000000086,1.4241038585721197
106.16999816894531,105.22000122070312,106.08000183105469,105.2699966430664,349900.0,100.72306823730469,-0.941,2019-02-06,05,2019,6,Wednesday,0.023600000000000086,1.4241038585721197
104.19000244140625,102.9000015258789,103.88999938964844,103.45999908447266,659600.0,98.99124908447266,-1.719,2019-02-07,05,2019,7,Thursday,0.023600000000000086,1.4241038585721197
104.44000244140625,103.52999877929688,103.91000366210938,104.02999877929688,724500.0,99.53663635253906,0.551,2019-02-08,05,2019,8,Friday,0.023600000000000086,1.4241038585721197
104.5199966430664,103.69000244140625,104.30000305175781,104.08999633789062,636500.0,99.59403228759766,0.058,2019-02-11,06,2019,11,Monday,0.5312,0.2881574222538784
105.05000305175781,104.27999877929688,104.52999877929688,104.62999725341797,794300.0,100.1107177734375,0.519,2019-02-12,06,2019,12,Tuesday,0.5312,0.2881574222538784
106.2300033569336,105.23999786376953,105.31999969482422,105.26000213623047,385100.0,100.71350860595703,0.602,2019-02-13,06,2019,13,Wednesday,0.5312,0.2881574222538784
106.29000091552734,105.26000213623047,105.69000244140625,105.94000244140625,494900.0,101.3641357421875,0.646,2019-02-14,06,2019,14,Thursday,0.5312,0.2881574222538784
106.8499984741211,105.8499984741211,106.75,106.81999969482422,328800.0,102.20612335205078,0.831,2019-02-15,06,2019,15,Friday,0.5312,0.2881574222538784
106.97000122070312,106.05999755859375,106.05999755859375,106.73999786376953,292700.0,102.12957763671875,-0.075,2019-02-19,07,2019,19,Tuesday,0.3505,0.6080901797156953
107.36000061035156,106.58000183105469,106.58000183105469,106.86000061035156,730400.0,102.24439239501953,0.112,2019-02-20,07,2019,20,Wednesday,0.3505,0.6080901797156953
107.58000183105469,106.80999755859375,107.19999694824219,106.9800033569336,298400.0,102.35922241210938,0.112,2019-02-21,07,2019,21,Thursday,0.3505,0.6080901797156953
108.4800033569336,107.94000244140625,108.08000183105469,108.31999969482422,337100.0,103.6413345336914,1.253,2019-02-22,07,2019,22,Friday,0.3505,0.6080901797156953
108.06999969482422,107.23999786376953,107.72000122070312,107.33000183105469,408200.0,102.69409942626953,-0.914,2019-02-25,08,2019,25,Monday,0.013600000000000011,0.7953806007189264
107.62999725341797,106.4800033569336,106.54000091552734,107.56999969482422,327300.0,102.9237289428711,0.224,2019-02-26,08,2019,26,Tuesday,0.013600000000000011,0.7953806007189264
107.08000183105469,106.23999786376953,106.70999908447266,107.01000213623047,471400.0,102.38792419433594,-0.521,2019-02-27,08,2019,27,Wednesday,0.013600000000000011,0.7953806007189264
107.31999969482422,106.7300033569336,107.04000091552734,107.12999725341797,543300.0,102.50273895263672,0.112,2019-02-28,08,2019,28,Thursday,0.013600000000000011,0.7953806007189264
108.58000183105469,107.72000122070312,108.0,108.37999725341797,473400.0,103.69874572753906,1.167,2019-03-01,08,2019,1,Friday,0.013600000000000011,0.7953806007189264
108.04000091552734,106.61000061035156,108.0,107.31999969482422,404200.0,102.68452453613281,-0.978,2019-03-04,09,2019,4,Monday,-0.07080000000000002,1.1259994227351984
108.26000213623047,107.30999755859375,107.62000274658203,107.97000122070312,269400.0,103.30644989013672,0.606,2019-03-05,09,2019,5,Tuesday,-0.07080000000000002,1.1259994227351984
108.27999877929688,107.44999694824219,108.26000213623047,107.58999633789062,270100.0,102.94287109375,-0.352,2019-03-06,09,2019,6,Wednesday,-0.07080000000000002,1.1259994227351984
107.47000122070312,106.11000061035156,107.43000030517578,106.3499984741211,306400.0,101.75643157958984,-1.153,2019-03-07,09,2019,7,Thursday,-0.07080000000000002,1.1259994227351984
108.05000305175781,106.69000244140625,106.7699966430664,107.97000122070312,537200.0,103.30644989013672,1.523,2019-03-08,09,2019,8,Friday,-0.07080000000000002,1.1259994227351984
107.91999816894531,106.66000366210938,106.66000366210938,107.72000122070312,476000.0,103.06725311279297,-0.232,2019-03-11,10,2019,11,Monday,0.8284,1.1221075260419566
108.26000213623047,107.2699966430664,107.36000061035156,108.01000213623047,410300.0,103.3447265625,0.269,2019-03-12,10,2019,12,Tuesday,0.8284,1.1221075260419566
109.29000091552734,108.47000122070312,108.5199966430664,108.86000061035156,472400.0,104.15802001953125,0.787,2019-03-13,10,2019,13,Wednesday,0.8284,1.1221075260419566
109.73999786376953,108.91000366210938,109.33000183105469,109.5199966430664,394200.0,104.78950500488281,0.606,2019-03-14,10,2019,14,Thursday,0.8284,1.1221075260419566
112.7699966430664,111.62000274658203,111.63999938964844,112.48999786376953,769100.0,107.6312255859375,2.712,2019-03-15,10,2019,15,Friday,0.8284,1.1221075260419566
112.33999633789062,111.52999877929688,111.98999786376953,112.13999938964844,429600.0,107.29634094238281,-0.311,2019-03-18,11,2019,18,Monday,-0.12919999999999993,1.4049068296509915
113.73999786376953,112.9800033569336,113.33000183105469,113.44000244140625,506100.0,108.54019165039062,1.159,2019-03-19,11,2019,19,Tuesday,-0.12919999999999993,1.4049068296509915
114.91000366210938,113.38999938964844,113.79000091552734,114.52999877929688,679600.0,109.58311462402344,0.961,2019-03-20,11,2019,20,Wednesday,-0.12919999999999993,1.4049068296509915
114.5,113.23999786376953,113.30999755859375,114.43000030517578,385000.0,109.4874267578125,-0.087,2019-03-21,11,2019,21,Thursday,-0.12919999999999993,1.4049068296509915
113.11000061035156,111.08999633789062,112.66999816894531,111.72000122070312,780000.0,106.89447784423828,-2.368,2019-03-22,11,2019,22,Friday,-0.12919999999999993,1.4049068296509915
111.91999816894531,111.05999755859375,111.41000366210938,111.5999984741211,437200.0,106.7796630859375,-0.107,2019-03-25,12,2019,25,Monday,0.6644,0.9738712953979084
113.97000122070312,112.87000274658203,113.06999969482422,113.93000030517578,1123000.0,109.00902557373047,2.088,2019-03-26,12,2019,26,Tuesday,0.6644,0.9738712953979084
114.01000213623047,112.6500015258789,113.69000244140625,113.55999755859375,1172700.0,108.65499877929688,-0.325,2019-03-27,12,2019,27,Wednesday,0.6644,0.9738712953979084
114.58999633789062,113.58000183105469,114.31999969482422,114.20999908447266,1867900.0,109.27692413330078,0.572,2019-03-28,12,2019,28,Thursday,0.6644,0.9738712953979084
116.1500015258789,115.12000274658203,116.08000183105469,115.45999908447266,1325700.0,110.47293853759766,1.094,2019-03-29,12,2019,29,Friday,0.6644,0.9738712953979084
115.94999694824219,115.38999938964844,115.7699966430664,115.81999969482422,973200.0,110.81739044189453,0.312,2019-04-01,13,2019,1,Monday,-0.14599999999999996,0.6676731985035792
115.91000366210938,115.30000305175781,115.66999816894531,115.80999755859375,582000.0,110.80782318115234,-0.009,2019-04-02,13,2019,2,Tuesday,-0.14599999999999996,0.6676731985035792
116.98999786376953,116.4000015258789,116.66999816894531,116.43000030517578,688800.0,111.40103912353516,0.535,2019-04-03,13,2019,3,Wednesday,-0.14599999999999996,0.6676731985035792
117.36000061035156,115.76000213623047,117.23999786376953,115.94999694824219,1130800.0,110.9417724609375,-0.412,2019-04-04,13,2019,4,Thursday,-0.14599999999999996,0.6676731985035792
115.04000091552734,114.47000122070312,114.5,114.61000061035156,686600.0,109.65965270996094,-1.156,2019-04-05,13,2019,5,Friday,-0.14599999999999996,0.6676731985035792
114.94999694824219,113.7699966430664,114.37000274658203,114.93000030517578,868500.0,109.96582794189453,0.279,2019-04-08,14,2019,8,Monday,-0.3848,2.124102210346762
111.4800033569336,110.27999877929688,111.4000015258789,110.37000274658203,1094500.0,105.60279083251953,-3.968,2019-04-09,14,2019,9,Tuesday,-0.3848,2.124102210346762
112.38999938964844,111.61000061035156,111.93000030517578,112.2699966430664,834100.0,107.42072296142578,1.721,2019-04-10,14,2019,10,Wednesday,-0.3848,2.124102210346762
112.38999938964844,111.8499984741211,112.18000030517578,112.33000183105469,508100.0,107.47813415527344,0.053,2019-04-11,14,2019,11,Thursday,-0.3848,2.124102210346762
112.66000366210938,112.18000030517578,112.66000366210938,112.31999969482422,354100.0,107.46856689453125,-0.009,2019-04-12,14,2019,12,Friday,-0.3848,2.124102210346762
113.12000274658203,112.22000122070312,112.26000213623047,112.80000305175781,638000.0,107.92784118652344,0.427,2019-04-15,15,2019,15,Monday,0.14875000000000002,1.071804514203344
112.25,111.0999984741211,112.22000122070312,111.19999694824219,1081400.0,106.39693450927734,-1.418,2019-04-16,15,2019,16,Tuesday,0.14875000000000002,1.071804514203344
112.80000305175781,112.01000213623047,112.80000305175781,112.30999755859375,881000.0,107.45899200439453,0.998,2019-04-17,15,2019,17,Wednesday,0.14875000000000002,1.071804514203344
113.3499984741211,112.4800033569336,112.80000305175781,112.97000122070312,485500.0,108.09049224853516,0.588,2019-04-18,15,2019,18,Thursday,0.14875000000000002,1.071804514203344
114.0,112.6500015258789,112.6500015258789,113.79000091552734,418100.0,108.87506866455078,0.726,2019-04-22,16,2019,22,Monday,2.5626,5.583264394599274
114.9000015258789,113.5199966430664,113.54000091552734,114.80000305175781,770700.0,109.84144592285156,0.888,2019-04-23,16,2019,23,Tuesday,2.5626,5.583264394599274
130.16000366210938,125.61000061035156,125.81999969482422,129.0800018310547,4694100.0,123.50464630126953,12.439,2019-04-24,16,2019,24,Wednesday,2.5626,5.583264394599274
129.2899932861328,126.86000061035156,127.05999755859375,129.0500030517578,2788400.0,123.47594451904297,-0.023,2019-04-25,16,2019,25,Thursday,2.5626,5.583264394599274
128.52999877929688,127.41999816894531,128.52000427246094,127.4800033569336,1387200.0,121.97376251220703,-1.217,2019-04-26,16,2019,26,Friday,2.5626,5.583264394599274
129.1999969482422,127.0199966430664,127.05999755859375,129.0500030517578,1894800.0,123.47594451904297,1.232,2019-04-29,17,2019,29,Monday,-0.006800000000000006,1.180297293057982
128.89999389648438,127.52999877929688,127.52999877929688,128.86000061035156,903600.0,123.29415130615234,-0.147,2019-04-30,17,2019,30,Tuesday,-0.006800000000000006,1.180297293057982
129.9499969482422,127.83000183105469,129.05999755859375,127.86000061035156,748600.0,122.33734130859375,-0.776,2019-05-01,17,2019,1,Wednesday,-0.006800000000000006,1.180297293057982
127.5,125.6500015258789,127.06999969482422,125.9800033569336,721500.0,120.53855895996094,-1.47,2019-05-02,17,2019,2,Thursday,-0.006800000000000006,1.180297293057982
127.52999877929688,126.11000061035156,126.48999786376953,127.4000015258789,441100.0,121.897216796875,1.127,2019-05-03,17,2019,3,Friday,-0.006800000000000006,1.180297293057982
126.55999755859375,125.08000183105469,125.22000122070312,126.41999816894531,408300.0,120.95954132080078,-0.769,2019-05-06,18,2019,6,Monday,-0.2528,1.3602877269166256
125.05000305175781,122.76000213623047,124.83999633789062,123.47000122070312,707500.0,118.13697052001953,-2.333,2019-05-07,18,2019,7,Tuesday,-0.2528,1.3602877269166256
124.76000213623047,123.4800033569336,123.7300033569336,124.30000305175781,674200.0,118.93111419677734,0.672,2019-05-08,18,2019,8,Wednesday,-0.2528,1.3602877269166256
124.69999694824219,123.20999908447266,124.30000305175781,124.37000274658203,1096600.0,118.99809265136719,0.056,2019-05-09,18,2019,9,Thursday,-0.2528,1.3602877269166256
125.80000305175781,123.38999938964844,124.76000213623047,125.75,867400.0,120.31848907470703,1.11,2019-05-10,18,2019,10,Friday,-0.2528,1.3602877269166256
124.63999938964844,123.1500015258789,124.37000274658203,123.23999786376953,509500.0,117.91690063476562,-1.996,2019-05-13,19,2019,13,Monday,0.5476,2.308550042775768
125.68000030517578,123.58999633789062,123.63999938964844,125.19999694824219,924700.0,119.792236328125,1.59,2019-05-14,19,2019,14,Tuesday,0.5476,2.308550042775768
126.86000061035156,124.37000274658203,124.4000015258789,126.16999816894531,936900.0,120.7203369140625,0.775,2019-05-15,19,2019,15,Wednesday,0.5476,2.308550042775768
130.11000061035156,127.68000030517578,127.72000122070312,129.11000061035156,751500.0,125.21653747558594,3.724,2019-05-16,19,2019,16,Thursday,0.5476,2.308550042775768
128.6699981689453,127.22000122070312,128.13999938964844,127.36000061035156,455500.0,123.5193099975586,-1.355,2019-05-17,19,2019,17,Friday,0.5476,2.308550042775768
125.7300033569336,124.27999877929688,124.77999877929688,125.19000244140625,1040200.0,121.41474914550781,-1.704,2019-05-20,20,2019,20,Monday,0.03340000000000003,1.5775296510684038
127.70999908447266,126.66000366210938,127.27999877929688,126.91000366210938,705600.0,123.08287811279297,1.374,2019-05-21,20,2019,21,Tuesday,0.03340000000000003,1.5775296510684038
129.0,127.70999908447266,127.95999908447266,128.6999969482422,695600.0,124.81889343261719,1.41,2019-05-22,20,2019,22,Wednesday,0.03340000000000003,1.5775296510684038
127.01000213623047,125.91000366210938,126.97000122070312,126.5999984741211,431200.0,122.78221893310547,-1.632,2019-05-23,20,2019,23,Thursday,0.03340000000000003,1.5775296510684038
127.91999816894531,127.2699966430664,127.61000061035156,127.51000213623047,271200.0,123.66478729248047,0.719,2019-05-24,20,2019,24,Friday,0.03340000000000003,1.5775296510684038
127.47000122070312,125.95999908447266,126.62999725341797,126.0,500500.0,122.20032501220703,-1.184,2019-05-28,21,2019,28,Tuesday,-0.8767499999999999,0.9516064925517619
124.94000244140625,123.5999984741211,124.94000244140625,124.25,640000.0,120.50309753417969,-1.389,2019-05-29,21,2019,29,Wednesday,-0.8767499999999999,0.9516064925517619
125.2699966430664,124.1500015258789,124.19999694824219,124.91999816894531,405100.0,121.15288543701172,0.539,2019-05-30,21,2019,30,Thursday,-0.8767499999999999,0.9516064925517619
123.5,122.86000061035156,123.30999755859375,123.08000183105469,684300.0,119.36837768554688,-1.473,2019-05-31,21,2019,31,Friday,-0.8767499999999999,0.9516064925517619
124.69999694824219,122.12000274658203,124.43000030517578,122.83999633789062,970500.0,119.13561248779297,-0.195,2019-06-03,22,2019,3,Monday,1.0506,1.3032428016298423
125.87999725341797,123.23999786376953,123.98999786376953,125.83000183105469,1238500.0,122.03545379638672,2.434,2019-06-04,22,2019,4,Tuesday,1.0506,1.3032428016298423
127.30000305175781,125.62999725341797,127.26000213623047,126.26000213623047,813900.0,122.45248413085938,0.342,2019-06-05,22,2019,5,Wednesday,1.0506,1.3032428016298423
126.83999633789062,125.16000366210938,125.4800033569336,126.48999786376953,914600.0,122.67554473876953,0.182,2019-06-06,22,2019,6,Thursday,1.0506,1.3032428016298423
129.8000030517578,127.97000122070312,128.24000549316406,129.63999938964844,808100.0,125.73055267333984,2.49,2019-06-07,22,2019,7,Friday,1.0506,1.3032428016298423
130.6699981689453,129.4199981689453,129.77000427246094,129.42999267578125,348600.0,125.5268783569336,-0.162,2019-06-10,23,2019,10,Monday,-0.3078,0.5424911980852777
129.6999969482422,127.76000213623047,129.5800018310547,128.3800048828125,562000.0,124.50855255126953,-0.811,2019-06-11,23,2019,11,Tuesday,-0.3078,0.5424911980852777
128.6699981689453,127.76000213623047,127.77999877929688,128.30999755859375,899900.0,124.44065856933594,-0.055,2019-06-12,23,2019,12,Wednesday,-0.3078,0.5424911980852777
129.3800048828125,128.39999389648438,129.3699951171875,128.80999755859375,451700.0,124.92557525634766,0.39,2019-06-13,23,2019,13,Thursday,-0.3078,0.5424911980852777
128.1699981689453,127.38999938964844,128.0800018310547,127.6500015258789,426600.0,123.80056762695312,-0.901,2019-06-14,23,2019,14,Friday,-0.3078,0.5424911980852777
129.16000366210938,128.30999755859375,128.61000061035156,128.4600067138672,516700.0,124.58614349365234,0.635,2019-06-17,24,2019,17,Monday,1.034,1.1698200716349503
132.4199981689453,131.08999633789062,131.6300048828125,131.77000427246094,921900.0,127.79632568359375,2.577,2019-06-18,24,2019,18,Tuesday,1.034,1.1698200716349503
131.9600067138672,130.6999969482422,131.1300048828125,131.83999633789062,430100.0,127.86421203613281,0.053,2019-06-19,24,2019,19,Wednesday,1.034,1.1698200716349503
134.8000030517578,133.27000427246094,134.67999267578125,134.39999389648438,908200.0,130.3470001220703,1.942,2019-06-20,24,2019,20,Thursday,1.034,1.1698200716349503
134.47999572753906,133.4199981689453,133.97000122070312,134.35000610351562,1456100.0,130.29852294921875,-0.037,2019-06-21,24,2019,21,Friday,1.034,1.1698200716349503
135.39999389648438,134.6999969482422,135.3300018310547,134.92999267578125,715600.0,130.86102294921875,0.432,2019-06-24,25,2019,24,Monday,0.367,1.0998974952239868
136.14999389648438,132.9199981689453,136.1300048828125,133.00999450683594,677800.0,128.99891662597656,-1.423,2019-06-25,25,2019,25,Tuesday,0.367,1.0998974952239868
135.0500030517578,133.80999755859375,133.9499969482422,134.02999877929688,3671600.0,129.9881591796875,0.767,2019-06-26,25,2019,26,Wednesday,0.367,1.0998974952239868
134.9499969482422,133.4600067138672,133.6699981689453,134.67999267578125,1819600.0,130.61856079101562,0.485,2019-06-27,25,2019,27,Thursday,0.367,1.0998974952239868
137.49000549316406,135.75999450683594,135.94000244140625,136.8000030517578,3042600.0,132.6746368408203,1.574,2019-06-28,25,2019,28,Friday,0.367,1.0998974952239868
139.00999450683594,137.94000244140625,138.6999969482422,138.3000030517578,2370200.0,134.12940979003906,1.096,2019-07-01,26,2019,1,Monday,0.2525,1.1480373106596609
139.58999633789062,138.42999267578125,138.4600067138672,139.35000610351562,993200.0,135.14773559570312,0.759,2019-07-02,26,2019,2,Tuesday,0.2525,1.1480373106596609
140.6199951171875,139.85000610351562,140.27999877929688,140.17999267578125,1097000.0,135.95269775390625,0.596,2019-07-03,26,2019,3,Wednesday,0.2525,1.1480373106596609
138.27999877929688,137.08999633789062,138.0399932861328,138.16000366210938,472200.0,133.99362182617188,-1.441,2019-07-05,26,2019,5,Friday,0.2525,1.1480373106596609
138.7100067138672,137.9499969482422,138.32000732421875,138.47999572753906,477100.0,134.30397033691406,0.232,2019-07-08,27,2019,8,Monday,-0.20140000000000002,0.2856830411487528
138.35000610351562,137.44000244140625,137.57000732421875,138.27999877929688,471600.0,134.11000061035156,-0.144,2019-07-09,27,2019,9,Tuesday,-0.20140000000000002,0.2856830411487528
138.3699951171875,137.1999969482422,137.57000732421875,137.66000366210938,675900.0,133.5087127685547,-0.448,2019-07-10,27,2019,10,Wednesday,-0.20140000000000002,0.2856830411487528
137.49000549316406,136.39999389648438,136.9499969482422,137.4199981689453,525600.0,133.2759246826172,-0.174,2019-07-11,27,2019,11,Thursday,-0.20140000000000002,0.2856830411487528
136.91000366210938,136.0399932861328,136.25,136.77000427246094,486500.0,132.6455535888672,-0.473,2019-07-12,27,2019,12,Friday,-0.20140000000000002,0.2856830411487528
137.35000610351562,136.5,136.82000732421875,137.1300048828125,384000.0,132.99468994140625,0.263,2019-07-15,28,2019,15,Monday,-1.825,2.029113845992876
136.0800018310547,134.94000244140625,135.30999755859375,135.1199951171875,595700.0,131.04530334472656,-1.466,2019-07-16,28,2019,16,Tuesday,-1.825,2.029113845992876
136.02000427246094,133.9499969482422,135.67999267578125,134.22000122070312,735500.0,130.1724395751953,-0.666,2019-07-17,28,2019,17,Wednesday,-1.825,2.029113845992876
128.41000366210938,125.61000061035156,126.76000213623047,127.41999816894531,3146800.0,123.57749938964844,-5.066,2019-07-18,28,2019,18,Thursday,-1.825,2.029113845992876
126.36000061035156,124.47000122070312,126.18000030517578,124.62999725341797,1481700.0,120.87162780761719,-2.19,2019-07-19,28,2019,19,Friday,-1.825,2.029113845992876
125.9800033569336,124.52999877929688,125.83999633789062,124.83000183105469,1492400.0,121.06560516357422,0.16,2019-07-22,29,2019,22,Monday,0.38260000000000005,1.3080633776694461
125.7699966430664,124.61000061035156,125.11000061035156,125.62999725341797,871000.0,121.84147644042969,0.641,2019-07-23,29,2019,23,Tuesday,0.38260000000000005,1.3080633776694461
127.63999938964844,126.7699966430664,127.27999877929688,127.61000061035156,748300.0,123.76176452636719,1.576,2019-07-24,29,2019,24,Wednesday,0.38260000000000005,1.3080633776694461
126.8499984741211,125.11000061035156,126.80000305175781,125.38999938964844,669900.0,121.60871124267578,-1.74,2019-07-25,29,2019,25,Thursday,0.38260000000000005,1.3080633776694461
127.25,126.72000122070312,126.87000274658203,126.98999786376953,366900.0,123.16046142578125,1.276,2019-07-26,29,2019,26,Friday,0.38260000000000005,1.3080633776694461
127.62000274658203,126.19000244140625,127.62000274658203,126.43000030517578,440500.0,122.61735534667969,-0.441,2019-07-29,30,2019,29,Monday,-0.8452,1.1466626356518295
124.02999877929688,122.58999633789062,123.8499984741211,123.0,708000.0,119.29078674316406,-2.713,2019-07-30,30,2019,30,Tuesday,-0.8452,1.1466626356518295
124.83999633789062,122.08999633789062,124.2699966430664,123.02999877929688,465100.0,119.31988525390625,0.024,2019-07-31,30,2019,31,Wednesday,-0.8452,1.1466626356518295
125.36000061035156,122.61000061035156,123.56999969482422,123.06999969482422,618700.0,119.35868072509766,0.033,2019-08-01,30,2019,1,Thursday,-0.8452,1.1466626356518295
122.72000122070312,121.19999694824219,122.56999969482422,121.68000030517578,656800.0,118.0105972290039,-1.129,2019-08-02,30,2019,2,Friday,-0.8452,1.1466626356518295
120.1500015258789,117.87000274658203,120.0199966430664,118.7300033569336,759600.0,115.1495590209961,-2.424,2019-08-05,31,2019,5,Monday,-0.30440000000000006,1.9280444237620669
118.5199966430664,116.48999786376953,117.94000244140625,117.6500015258789,921500.0,114.10212707519531,-0.91,2019-08-06,31,2019,6,Tuesday,-0.30440000000000006,1.9280444237620669
120.52999877929688,118.30000305175781,119.01000213623047,120.47000122070312,1024900.0,116.83708953857422,2.397,2019-08-07,31,2019,7,Wednesday,-0.30440000000000006,1.9280444237620669
121.81999969482422,120.68000030517578,120.79000091552734,121.5199966430664,475900.0,117.85541534423828,0.872,2019-08-08,31,2019,8,Thursday,-0.30440000000000006,1.9280444237620669
120.06999969482422,118.55999755859375,119.36000061035156,119.75,403000.0,116.13880157470703,-1.457,2019-08-09,31,2019,9,Friday,-0.30440000000000006,1.9280444237620669
119.94999694824219,118.79000091552734,119.48999786376953,119.0999984741211,240900.0,115.50839233398438,-0.543,2019-08-12,32,2019,12,Monday,-0.11240000000000006,2.020941067918607
121.45999908447266,118.56999969482422,118.79000091552734,120.93000030517578,681900.0,117.28321838378906,1.537,2019-08-13,32,2019,13,Tuesday,-0.11240000000000006,2.020941067918607
118.06999969482422,116.55999755859375,117.58000183105469,116.87000274658203,776700.0,113.34564971923828,-3.357,2019-08-14,32,2019,14,Wednesday,-0.11240000000000006,2.020941067918607
118.36000061035156,116.62999725341797,117.4800033569336,117.16000366210938,589600.0,113.62690734863281,0.248,2019-08-15,32,2019,15,Thursday,-0.11240000000000006,2.020941067918607
119.4000015258789,117.93000030517578,117.94000244140625,118.9800033569336,295800.0,115.39202117919922,1.553,2019-08-16,32,2019,16,Friday,-0.11240000000000006,2.020941067918607
120.26000213623047,119.4800033569336,120.25,119.69999694824219,279400.0,116.09030151367188,0.605,2019-08-19,33,2019,19,Monday,-0.2324,1.9050956143983955
118.9800033569336,117.94000244140625,118.87999725341797,117.98999786376953,341500.0,114.43186950683594,-1.429,2019-08-20,33,2019,20,Tuesday,-0.2324,1.9050956143983955
121.9000015258789,120.98999786376953,121.4800033569336,121.23999786376953,639100.0,117.5838623046875,2.754,2019-08-21,33,2019,21,Wednesday,-0.2324,1.9050956143983955
120.37999725341797,118.75,120.18000030517578,119.47000122070312,348800.0,115.86724090576172,-1.46,2019-08-22,33,2019,22,Thursday,-0.2324,1.9050956143983955
120.19000244140625,117.31999969482422,119.23999786376953,117.5199966430664,393400.0,113.97603607177734,-1.632,2019-08-23,33,2019,23,Friday,-0.2324,1.9050956143983955
118.86000061035156,118.0199966430664,118.69999694824219,118.80000305175781,329500.0,115.21745300292969,1.089,2019-08-26,34,2019,26,Monday,0.281,1.14975627852167
121.12999725341797,119.23999786376953,120.93000030517578,119.94999694824219,447500.0,116.332763671875,0.968,2019-08-27,34,2019,27,Tuesday,0.281,1.14975627852167
118.94999694824219,117.41000366210938,118.2300033569336,118.41000366210938,461700.0,114.8392105102539,-1.284,2019-08-28,34,2019,28,Wednesday,0.281,1.14975627852167
120.30000305175781,119.33000183105469,119.5999984741211,119.87999725341797,322700.0,116.2648696899414,1.241,2019-08-29,34,2019,29,Thursday,0.281,1.14975627852167
120.8499984741211,118.5999984741211,120.77999877929688,119.1500015258789,598100.0,115.55689239501953,-0.609,2019-08-30,34,2019,30,Friday,0.281,1.14975627852167
119.19000244140625,118.08999633789062,118.80999755859375,118.30999755859375,514500.0,114.74221801757812,-0.705,2019-09-03,35,2019,3,Tuesday,0.5915000000000001,1.7416998401944388
120.66000366210938,119.51000213623047,119.81999969482422,120.55000305175781,532600.0,116.9146728515625,1.893,2019-09-04,35,2019,4,Wednesday,0.5915000000000001,1.7416998401944388
123.58999633789062,122.41000366210938,122.70999908447266,123.30000305175781,568700.0,119.58174896240234,2.281,2019-09-05,35,2019,5,Thursday,0.5915000000000001,1.7416998401944388
123.0999984741211,121.83000183105469,122.81999969482422,121.94000244140625,329100.0,118.26275634765625,-1.103,2019-09-06,35,2019,6,Friday,0.5915000000000001,1.7416998401944388
122.66000366210938,121.06999969482422,122.55999755859375,121.55999755859375,513400.0,117.89421844482422,-0.312,2019-09-09,36,2019,9,Monday,-0.49079999999999996,0.8587358150211274
120.77999877929688,118.91000366210938,119.4800033569336,120.77999877929688,600900.0,117.13773345947266,-0.642,2019-09-10,36,2019,10,Tuesday,-0.49079999999999996,0.8587358150211274
120.41999816894531,119.55999755859375,120.0,119.93000030517578,1057800.0,116.31336975097656,-0.704,2019-09-11,36,2019,11,Wednesday,-0.49079999999999996,0.8587358150211274
121.33999633789062,120.06999969482422,120.54000091552734,120.87999725341797,492000.0,117.2347183227539,0.792,2019-09-12,36,2019,12,Thursday,-0.49079999999999996,0.8587358150211274
120.04000091552734,118.8499984741211,119.97000122070312,118.95999908447266,525900.0,115.37261962890625,-1.588,2019-09-13,36,2019,13,Friday,-0.49079999999999996,0.8587358150211274
117.70999908447266,116.8499984741211,117.11000061035156,117.51000213623047,437200.0,113.96634674072266,-1.219,2019-09-16,37,2019,16,Monday,0.07999999999999993,1.2432377085658237
120.12000274658203,118.7699966430664,118.9000015258789,120.01000213623047,376700.0,116.39096069335938,2.127,2019-09-17,37,2019,17,Tuesday,0.07999999999999993,1.2432377085658237
120.12999725341797,118.55000305175781,119.5999984741211,119.68000030517578,371000.0,116.07090759277344,-0.275,2019-09-18,37,2019,18,Wednesday,0.07999999999999993,1.2432377085658237
120.72000122070312,119.79000091552734,120.31999969482422,119.80999755859375,299700.0,116.19698333740234,0.109,2019-09-19,37,2019,19,Thursday,0.07999999999999993,1.2432377085658237
120.83000183105469,119.02999877929688,119.61000061035156,119.4000015258789,1143900.0,115.79935455322266,-0.342,2019-09-20,37,2019,20,Friday,0.07999999999999993,1.2432377085658237
119.36000061035156,118.62999725341797,118.86000061035156,118.9000015258789,644000.0,115.3144302368164,-0.419,2019-09-23,38,2019,23,Monday,-0.3292,0.5589250396967379
119.94000244140625,118.30000305175781,119.68000030517578,118.68000030517578,996400.0,115.10106658935547,-0.185,2019-09-24,38,2019,24,Tuesday,-0.3292,0.5589250396967379
117.5,116.25,117.25,117.26000213623047,1036200.0,113.72388458251953,-1.196,2019-09-25,38,2019,25,Wednesday,-0.3292,0.5589250396967379
118.11000061035156,117.0,117.5199966430664,117.66000366210938,1813500.0,114.11182403564453,0.341,2019-09-26,38,2019,26,Thursday,-0.3292,0.5589250396967379
119.05999755859375,116.7300033569336,118.97000122070312,117.44000244140625,1339800.0,113.8984603881836,-0.187,2019-09-27,38,2019,27,Friday,-0.3292,0.5589250396967379
118.33999633789062,117.05999755859375,117.26000213623047,117.87000274658203,1270000.0,114.31549072265625,0.366,2019-09-30,39,2019,30,Monday,-0.34440000000000004,1.617707730092182
118.12000274658203,116.31999969482422,118.12000274658203,117.1500015258789,799100.0,113.61720275878906,-0.611,2019-10-01,39,2019,1,Tuesday,-0.34440000000000004,1.617707730092182
115.0199966430664,112.94000244140625,114.86000061035156,113.66000366210938,702700.0,110.23245239257812,-2.979,2019-10-02,39,2019,2,Wednesday,-0.34440000000000004,1.617707730092182
115.2699966430664,112.88999938964844,114.05000305175781,115.11000061035156,505500.0,111.63872528076172,1.276,2019-10-03,39,2019,3,Thursday,-0.34440000000000004,1.617707730092182
115.41000366210938,114.43000030517578,114.9800033569336,115.37000274658203,803700.0,111.89088439941406,0.226,2019-10-04,39,2019,4,Friday,-0.34440000000000004,1.617707730092182
115.05000305175781,114.06999969482422,114.06999969482422,114.52999877929688,637700.0,111.07621765136719,-0.728,2019-10-07,40,2019,7,Monday,1.8902,4.561207482673858
114.44000244140625,112.80000305175781,113.87999725341797,112.9000015258789,797800.0,109.49536895751953,-1.423,2019-10-08,40,2019,8,Tuesday,1.8902,4.561207482673858
116.73999786376953,115.58000183105469,115.8499984741211,116.05000305175781,1061600.0,112.55037689208984,2.79,2019-10-09,40,2019,9,Wednesday,1.8902,4.561207482673858
116.16000366210938,114.55999755859375,114.95999908447266,115.25,1062100.0,111.77450561523438,-0.689,2019-10-10,40,2019,10,Thursday,1.8902,4.561207482673858
127.9000015258789,125.47000122070312,125.72000122070312,126.19999694824219,2234300.0,122.394287109375,9.501,2019-10-11,40,2019,11,Friday,1.8902,4.561207482673858
126.55999755859375,125.73999786376953,125.94000244140625,126.05000305175781,877700.0,122.24880981445312,-0.119,2019-10-14,41,2019,14,Monday,0.4614,0.5910670858709695
127.88999938964844,125.47000122070312,125.83000183105469,127.18000030517578,830900.0,123.34474182128906,0.896,2019-10-15,41,2019,15,Tuesday,0.4614,0.5910670858709695
129.27999877929688,128.47000122070312,128.85000610351562,128.72000122070312,1091500.0,124.83829498291016,1.211,2019-10-16,41,2019,16,Wednesday,0.4614,0.5910670858709695
130.1199951171875,128.35000610351562,129.9499969482422,128.60000610351562,972200.0,124.721923828125,-0.093,2019-10-17,41,2019,17,Thursday,0.4614,0.5910670858709695
129.9600067138672,127.94999694824219,129.77999877929688,129.1300048828125,1655800.0,125.23593139648438,0.412,2019-10-18,41,2019,18,Friday,0.4614,0.5910670858709695
133.32000732421875,131.27000427246094,132.97999572753906,132.7100067138672,1210500.0,128.70797729492188,2.772,2019-10-21,42,2019,21,Monday,0.42799999999999994,1.3475364559075944
133.97999572753906,131.5800018310547,133.30999755859375,131.8000030517578,1092200.0,127.8254165649414,-0.686,2019-10-22,42,2019,22,Tuesday,0.42799999999999994,1.3475364559075944
131.83999633789062,130.86000061035156,130.91000366210938,131.66000366210938,709100.0,127.68964385986328,-0.106,2019-10-23,42,2019,23,Wednesday,0.42799999999999994,1.3475364559075944
132.17999267578125,131.38999938964844,131.47000122070312,131.7899932861328,809400.0,127.81570434570312,0.099,2019-10-24,42,2019,24,Thursday,0.42799999999999994,1.3475364559075944
132.22999572753906,130.9499969482422,131.35000610351562,131.8699951171875,569200.0,127.89330291748047,0.061,2019-10-25,42,2019,25,Friday,0.42799999999999994,1.3475364559075944
133.19000244140625,132.3800048828125,132.57000732421875,132.77000427246094,440900.0,128.7661590576172,0.682,2019-10-28,43,2019,28,Monday,0.2772,0.8516124118400342
132.42999267578125,131.66000366210938,131.85000610351562,131.74000549316406,513800.0,127.76722717285156,-0.776,2019-10-29,43,2019,29,Tuesday,0.2772,0.8516124118400342
133.5,131.17999267578125,132.25999450683594,133.22999572753906,485100.0,129.2122802734375,1.131,2019-10-30,43,2019,30,Wednesday,0.2772,0.8516124118400342
133.25,132.25,132.72999572753906,132.5800018310547,413800.0,128.58189392089844,-0.488,2019-10-31,43,2019,31,Thursday,0.2772,0.8516124118400342
134.25999450683594,133.3000030517578,133.92999267578125,133.69000244140625,1526900.0,129.65841674804688,0.837,2019-11-01,43,2019,1,Friday,0.2772,0.8516124118400342
135.22999572753906,134.27000427246094,134.99000549316406,134.47000122070312,468600.0,130.41490173339844,0.583,2019-11-04,44,2019,4,Monday,0.41039999999999993,0.761336193806652
133.72000122070312,132.66000366210938,133.57000732421875,133.55999755859375,486100.0,129.53233337402344,-0.677,2019-11-05,44,2019,5,Tuesday,0.41039999999999993,0.761336193806652
135.22000122070312,134.38999938964844,134.86000061035156,135.11000061035156,457600.0,131.0355987548828,1.161,2019-11-06,44,2019,6,Wednesday,0.41039999999999993,0.761336193806652
135.69000244140625,134.6199951171875,134.6999969482422,135.0800018310547,269200.0,131.00650024414062,-0.022,2019-11-07,44,2019,7,Thursday,0.41039999999999993,0.761336193806652
136.44000244140625,135.11000061035156,135.38999938964844,136.44000244140625,327000.0,132.3254852294922,1.007,2019-11-08,44,2019,8,Friday,0.41039999999999993,0.761336193806652
137.1199951171875,135.9600067138672,135.9600067138672,136.77999877929688,448700.0,132.6552276611328,0.249,2019-11-11,45,2019,11,Monday,-0.13879999999999998,0.7571450983794321
136.25,135.1699981689453,135.72999572753906,135.3699951171875,582600.0,131.28775024414062,-1.031,2019-11-12,45,2019,12,Tuesday,-0.13879999999999998,0.7571450983794321
134.80999755859375,134.1300048828125,134.47000122070312,134.3000030517578,450700.0,130.25001525878906,-0.79,2019-11-13,45,2019,13,Wednesday,-0.13879999999999998,0.7571450983794321
134.5399932861328,133.8000030517578,134.14999389648438,134.41000366210938,345400.0,130.35671997070312,0.082,2019-11-14,45,2019,14,Thursday,-0.13879999999999998,0.7571450983794321
135.64999389648438,134.0800018310547,134.27000427246094,135.47999572753906,383800.0,131.39443969726562,0.796,2019-11-15,45,2019,15,Friday,-0.13879999999999998,0.7571450983794321
135.77999877929688,133.6699981689453,134.1999969482422,135.17999267578125,731900.0,131.10348510742188,-0.221,2019-11-18,46,2019,18,Monday,-0.009600000000000017,0.3933151408222165
137.02000427246094,135.3699951171875,137.00999450683594,135.74000549316406,423600.0,131.6466064453125,0.414,2019-11-19,46,2019,19,Tuesday,-0.009600000000000017,0.3933151408222165
135.9600067138672,134.25,135.2899932861328,135.0,300900.0,130.9289093017578,-0.545,2019-11-20,46,2019,20,Wednesday,-0.009600000000000017,0.3933151408222165
135.92999267578125,135.16000366210938,135.44000244140625,135.42999267578125,273500.0,131.34593200683594,0.319,2019-11-21,46,2019,21,Thursday,-0.009600000000000017,0.3933151408222165
136.42999267578125,135.22000122070312,136.22999572753906,135.41000366210938,225800.0,131.32655334472656,-0.015,2019-11-22,46,2019,22,Friday,-0.009600000000000017,0.3933151408222165
136.24000549316406,135.39999389648438,135.7899932861328,135.74000549316406,278700.0,131.6466064453125,0.244,2019-11-25,47,2019,25,Monday,0.1,0.2991465638556904
135.86000061035156,134.8699951171875,135.41000366210938,135.33999633789062,660500.0,131.25865173339844,-0.295,2019-11-26,47,2019,26,Tuesday,0.1,0.2991465638556904
135.6199951171875,134.52999877929688,134.92999267578125,135.41000366210938,443900.0,131.32655334472656,0.052,2019-11-27,47,2019,27,Wednesday,0.1,0.2991465638556904
136.25999450683594,135.38999938964844,135.4600067138672,135.9499969482422,227700.0,131.85025024414062,0.399,2019-11-29,47,2019,29,Friday,0.1,0.2991465638556904
134.92999267578125,132.35000610351562,134.92999267578125,133.4499969482422,626900.0,129.4256591796875,-1.839,2019-12-02,48,2019,2,Monday,-0.13540000000000002,1.1023696294800578
134.25,132.58999633789062,132.86000061035156,134.22000122070312,654800.0,130.1724395751953,0.577,2019-12-03,48,2019,3,Tuesday,-0.13540000000000002,1.1023696294800578
135.6199951171875,134.86000061035156,135.24000549316406,135.5399932861328,354600.0,131.45262145996094,0.983,2019-12-04,48,2019,4,Wednesday,-0.13540000000000002,1.1023696294800578
135.5800018310547,134.5,135.52999877929688,134.85000610351562,486700.0,130.78343200683594,-0.509,2019-12-05,48,2019,5,Thursday,-0.13540000000000002,1.1023696294800578
135.5500030517578,134.67999267578125,135.50999450683594,135.0,347100.0,130.9289093017578,0.111,2019-12-06,48,2019,6,Friday,-0.13540000000000002,1.1023696294800578
135.5800018310547,134.8000030517578,135.1199951171875,134.86000061035156,227500.0,130.7931365966797,-0.104,2019-12-09,49,2019,9,Monday,0.5154,0.7444033181011487
135.16000366210938,134.11000061035156,134.25,134.6999969482422,300600.0,130.63795471191406,-0.119,2019-12-10,49,2019,10,Tuesday,0.5154,0.7444033181011487
135.14999389648438,134.10000610351562,134.25,134.91000366210938,262400.0,130.8416290283203,0.156,2019-12-11,49,2019,11,Wednesday,0.5154,0.7444033181011487
136.88999938964844,134.80999755859375,135.0800018310547,136.6999969482422,680000.0,132.57765197753906,1.327,2019-12-12,49,2019,12,Thursday,0.5154,0.7444033181011487
138.74000549316406,136.67999267578125,137.02999877929688,138.5,745400.0,134.3233642578125,1.317,2019-12-13,49,2019,13,Friday,0.5154,0.7444033181011487
139.47999572753906,138.55999755859375,138.6300048828125,139.38999938964844,497100.0,135.1865234375,0.643,2019-12-16,50,2019,16,Monday,-0.5826,1.919220492804305
135.8699951171875,133.91000366210938,135.8000030517578,134.0399932861328,1439300.0,129.99786376953125,-3.838,2019-12-17,50,2019,17,Tuesday,-0.5826,1.919220492804305
133.72999572753906,132.61000061035156,133.32000732421875,133.38999938964844,663700.0,129.36746215820312,-0.485,2019-12-18,50,2019,18,Wednesday,-0.5826,1.919220492804305
133.52999877929688,132.77000427246094,133.02999877929688,133.0800018310547,454100.0,129.0668182373047,-0.232,2019-12-19,50,2019,19,Thursday,-0.5826,1.919220492804305
134.44000244140625,133.50999450683594,133.92999267578125,134.41000366210938,474300.0,130.35671997070312,0.999,2019-12-20,50,2019,20,Friday,-0.5826,1.919220492804305
134.3300018310547,133.02999877929688,133.16000366210938,133.77000427246094,296800.0,129.73602294921875,-0.476,2019-12-23,51,2019,23,Monday,0.107,0.5240464356015282
134.36000061035156,133.60000610351562,134.1199951171875,133.60000610351562,117900.0,129.57113647460938,-0.127,2019-12-24,51,2019,24,Tuesday,0.107,0.5240464356015282
134.5800018310547,133.9199981689453,133.9199981689453,134.5800018310547,170000.0,130.52157592773438,0.734,2019-12-26,51,2019,26,Thursday,0.107,0.5240464356015282
135.88999938964844,134.74000549316406,135.8800048828125,134.97999572753906,357200.0,130.90951538085938,0.297,2019-12-27,51,2019,27,Friday,0.107,0.5240464356015282
134.66000366210938,132.97000122070312,134.66000366210938,133.38999938964844,257200.0,129.36746215820312,-1.178,2019-12-30,52,2019,30,Monday,-0.364,1.1511698397716994
134.0800018310547,133.10000610351562,133.1699981689453,133.99000549316406,299300.0,129.94937133789062,0.45,2019-12-31,52,2019,31,Tuesday,-0.364,1.1511698397716994
137.13999938964844,135.39999389648438,135.4199981689453,136.80999755859375,2967500.0,132.684326171875,2.105,2020-01-02,00,2020,2,Thursday,0.018000000000000016,2.9514637046726495
134.9199981689453,133.3000030517578,133.3000030517578,133.97999572753906,507800.0,129.93966674804688,-2.069,2020-01-03,00,2020,3,Friday,0.018000000000000016,2.9514637046726495
134.22000122070312,133.1300048828125,133.16000366210938,134.1999969482422,442900.0,130.15304565429688,0.164,2020-01-06,01,2020,6,Monday,0.4468,0.8255638679108964
134.35000610351562,133.44000244140625,134.0800018310547,133.6199951171875,621200.0,129.5905303955078,-0.432,2020-01-07,01,2020,7,Tuesday,0.4468,0.8255638679108964
135.52000427246094,133.75999450683594,133.89999389648438,135.0800018310547,513300.0,131.00650024414062,1.093,2020-01-08,01,2020,8,Wednesday,0.4468,0.8255638679108964
137.2899932861328,136.1199951171875,136.49000549316406,137.1300048828125,457800.0,132.99468994140625,1.518,2020-01-09,01,2020,9,Thursday,0.4468,0.8255638679108964
138.07000732421875,136.7899932861328,137.5500030517578,136.97999572753906,464000.0,132.8491973876953,-0.109,2020-01-10,01,2020,10,Friday,0.4468,0.8255638679108964
138.5399932861328,137.3300018310547,137.64999389648438,138.3300018310547,555500.0,134.1584930419922,0.986,2020-01-13,02,2020,13,Monday,0.4366,1.1424041754125376
137.92999267578125,137.02999877929688,137.5,137.25,342100.0,133.11106872558594,-0.781,2020-01-14,02,2020,14,Tuesday,0.4366,1.1424041754125376
137.67999267578125,136.19000244140625,137.3300018310547,136.39999389648438,491700.0,132.2866973876953,-0.619,2020-01-15,02,2020,15,Wednesday,0.4366,1.1424041754125376
137.3300018310547,135.91000366210938,136.6699981689453,137.2899932861328,1074900.0,133.1498565673828,0.652,2020-01-16,02,2020,16,Thursday,0.4366,1.1424041754125376
139.99000549316406,138.75,139.0399932861328,139.9600067138672,507500.0,135.73934936523438,1.945,2020-01-17,02,2020,17,Friday,0.4366,1.1424041754125376
140.19000244140625,138.89999389648438,138.89999389648438,139.5399932861328,579500.0,135.33200073242188,-0.3,2020-01-21,03,2020,21,Tuesday,-0.15924999999999997,0.706630207392806
140.6699981689453,139.41000366210938,140.35000610351562,139.5800018310547,473100.0,135.3708038330078,0.029,2020-01-22,03,2020,22,Wednesday,-0.15924999999999997,0.706630207392806
138.5500030517578,136.69000244140625,138.41000366210938,138.13999938964844,622100.0,133.97422790527344,-1.032,2020-01-23,03,2020,23,Thursday,-0.15924999999999997,0.706630207392806
140.10000610351562,138.6999969482422,139.6699981689453,139.05999755859375,595700.0,134.86648559570312,0.666,2020-01-24,03,2020,24,Friday,-0.15924999999999997,0.706630207392806
140.4499969482422,134.74000549316406,134.8699951171875,136.25,1275600.0,132.14122009277344,-2.021,2020-01-27,04,2020,27,Monday,-1.217,1.1273599691314218
132.7100067138672,131.02999877929688,132.47000122070312,132.4600067138672,2188800.0,128.46551513671875,-2.782,2020-01-28,04,2020,28,Tuesday,-1.217,1.1273599691314218
132.39999389648438,131.3699951171875,131.8800048828125,131.64999389648438,1368500.0,127.679931640625,-0.612,2020-01-29,04,2020,29,Wednesday,-1.217,1.1273599691314218
131.30999755859375,130.0500030517578,130.3699951171875,130.97000122070312,1631500.0,127.02044677734375,-0.517,2020-01-30,04,2020,30,Thursday,-1.217,1.1273599691314218
132.17999267578125,130.19000244140625,132.10000610351562,130.77000427246094,1023600.0,126.82648468017578,-0.153,2020-01-31,04,2020,31,Friday,-1.217,1.1273599691314218
132.91000366210938,131.64999389648438,131.82000732421875,132.63999938964844,536300.0,128.6400909423828,1.43,2020-02-03,05,2020,3,Monday,0.6556000000000001,1.4218809021855523
136.0800018310547,134.67999267578125,134.86000061035156,135.47999572753906,418400.0,131.39443969726562,2.141,2020-02-04,05,2020,4,Tuesday,0.6556000000000001,1.4218809021855523
137.5,136.30999755859375,137.49000549316406,137.4199981689453,663700.0,133.2759246826172,1.432,2020-02-05,05,2020,5,Wednesday,0.6556000000000001,1.4218809021855523
136.91000366210938,135.6999969482422,136.08999633789062,136.49000549316406,497800.0,132.37399291992188,-0.677,2020-02-06,05,2020,6,Thursday,0.6556000000000001,1.4218809021855523
136.02000427246094,134.63999938964844,135.9499969482422,135.05999755859375,511700.0,130.9871063232422,-1.048,2020-02-07,05,2020,7,Friday,0.6556000000000001,1.4218809021855523
135.3699951171875,134.67999267578125,134.67999267578125,135.22999572753906,381200.0,131.1519775390625,0.126,2020-02-10,06,2020,10,Monday,0.352,0.7076754199490046
137.32000732421875,136.19000244140625,136.5,136.5500030517578,454100.0,132.4321746826172,0.976,2020-02-11,06,2020,11,Tuesday,0.352,0.7076754199490046
138.50999450683594,137.61000061035156,138.38999938964844,138.16000366210938,464800.0,133.99362182617188,1.179,2020-02-12,06,2020,12,Wednesday,0.352,0.7076754199490046
137.6999969482422,136.27000427246094,136.27999877929688,137.4499969482422,365800.0,133.30502319335938,-0.514,2020-02-13,06,2020,13,Thursday,0.352,0.7076754199490046
137.8699951171875,136.77999877929688,137.00999450683594,137.44000244140625,289800.0,133.2953338623047,-0.007,2020-02-14,06,2020,14,Friday,0.352,0.7076754199490046
138.00999450683594,137.00999450683594,137.0399932861328,137.75999450683594,457000.0,133.6056671142578,0.233,2020-02-18,07,2020,18,Tuesday,-0.14200000000000002,1.2209802073197855
139.91000366210938,138.4499969482422,138.49000549316406,139.6999969482422,499500.0,135.4871826171875,1.408,2020-02-19,07,2020,19,Wednesday,-0.14200000000000002,1.2209802073197855
139.39999389648438,137.6300048828125,138.85000610351562,138.42999267578125,524000.0,134.25546264648438,-0.909,2020-02-20,07,2020,20,Thursday,-0.14200000000000002,1.2209802073197855
137.4600067138672,135.94000244140625,137.25,136.6300048828125,379400.0,132.509765625,-1.3,2020-02-21,07,2020,21,Friday,-0.14200000000000002,1.2209802073197855
131.9199981689453,130.24000549316406,130.3300018310547,130.9199981689453,676500.0,126.97195434570312,-4.179,2020-02-24,08,2020,24,Monday,-1.9814,1.3928461149746587
131.1199951171875,127.55999755859375,130.9199981689453,127.77999877929688,837300.0,123.9266357421875,-2.398,2020-02-25,08,2020,25,Tuesday,-1.9814,1.3928461149746587
129.82000732421875,126.69999694824219,128.67999267578125,126.9000015258789,802800.0,123.07318115234375,-0.689,2020-02-26,08,2020,26,Wednesday,-1.9814,1.3928461149746587
128.27000427246094,124.52999877929688,125.22000122070312,124.80999755859375,1581300.0,121.04620361328125,-1.647,2020-02-27,08,2020,27,Thursday,-1.9814,1.3928461149746587
124.19000244140625,120.38999938964844,121.22000122070312,123.56999969482422,1389900.0,119.84359741210938,-0.994,2020-02-28,08,2020,28,Friday,-1.9814,1.3928461149746587
126.6500015258789,121.8499984741211,124.12999725341797,126.52999877929688,931600.0,122.71434020996094,2.395,2020-03-02,09,2020,2,Monday,-0.3148,2.4665574592942288
129.13999938964844,122.95999908447266,127.23999786376953,123.80000305175781,907000.0,120.06666564941406,-2.158,2020-03-03,09,2020,3,Tuesday,-0.3148,2.4665574592942288
125.75,123.3499984741211,124.9800033569336,125.66000366210938,840200.0,121.87057495117188,1.502,2020-03-04,09,2020,4,Wednesday,-0.3148,2.4665574592942288
123.81999969482422,120.22000122070312,122.54000091552734,121.27999877929688,1395200.0,117.6226577758789,-3.486,2020-03-05,09,2020,5,Thursday,-0.3148,2.4665574592942288
122.4000015258789,119.68000030517578,120.2699966430664,121.48999786376953,1255800.0,117.82632446289062,0.173,2020-03-06,09,2020,6,Friday,-0.3148,2.4665574592942288
116.19000244140625,110.55000305175781,113.61000061035156,111.5,1571800.0,108.13758087158203,-8.223,2020-03-09,10,2020,9,Monday,-2.0136000000000003,7.8563528306714945
118.56999969482422,113.7699966430664,117.4800033569336,117.98999786376953,1521900.0,114.43186950683594,5.821,2020-03-10,10,2020,10,Tuesday,-2.0136000000000003,7.8563528306714945
116.0199966430664,111.0,115.30999755859375,112.62000274658203,1626600.0,109.22380828857422,-4.551,2020-03-11,10,2020,11,Wednesday,-2.0136000000000003,7.8563528306714945
107.75,100.68000030517578,105.81999969482422,101.44000244140625,1746100.0,98.3809585571289,-9.927,2020-03-12,10,2020,12,Thursday,-2.0136000000000003,7.8563528306714945
108.55000305175781,100.2300033569336,107.70999908447266,108.3499984741211,1819600.0,105.08257293701172,6.812,2020-03-13,10,2020,13,Friday,-2.0136000000000003,7.8563528306714945
103.11000061035156,93.41999816894531,93.43000030517578,97.48999786376953,1344500.0,94.5500717163086,-10.023,2020-03-16,11,2020,16,Monday,-2.5953999999999997,5.933568808061469
102.98999786376953,95.33999633789062,97.69999694824219,102.95999908447266,1561500.0,99.85511779785156,5.611,2020-03-17,11,2020,17,Tuesday,-2.5953999999999997,5.933568808061469
98.05999755859375,93.2300033569336,95.2300033569336,96.94999694824219,1067200.0,94.02635192871094,-5.837,2020-03-18,11,2020,18,Wednesday,-2.5953999999999997,5.933568808061469
96.16999816894531,90.9000015258789,92.5,94.12999725341797,1753800.0,91.29139709472656,-2.909,2020-03-19,11,2020,19,Thursday,-2.5953999999999997,5.933568808061469
99.0199966430664,93.80000305175781,96.54000091552734,94.30000305175781,1372400.0,91.45626831054688,0.181,2020-03-20,11,2020,20,Friday,-2.5953999999999997,5.933568808061469
100.98999786376953,97.13999938964844,97.98999786376953,98.31999969482422,1974900.0,95.35504150390625,4.263,2020-03-23,12,2020,23,Monday,3.2912,5.30340566994455
107.47000122070312,103.7699966430664,107.0199966430664,105.97000122070312,1608000.0,102.77434539794922,7.781,2020-03-24,12,2020,24,Tuesday,3.2912,5.30340566994455
108.98999786376953,102.5,104.45999908447266,106.4000015258789,1012200.0,103.1913833618164,0.406,2020-03-25,12,2020,25,Wednesday,3.2912,5.30340566994455
115.33000183105469,109.5999984741211,109.5999984741211,115.25,1978300.0,111.77450561523438,8.318,2020-03-26,12,2020,26,Thursday,3.2912,5.30340566994455
112.97000122070312,108.80999755859375,110.51000213623047,110.27999877929688,881300.0,106.95437622070312,-4.312,2020-03-27,12,2020,27,Friday,3.2912,5.30340566994455
113.12999725341797,110.83999633789062,112.08999633789062,112.9000015258789,605100.0,109.49536895751953,2.376,2020-03-30,13,2020,30,Monday,-0.9139999999999999,2.574806788867856
113.23999786376953,110.20999908447266,111.13999938964844,110.5,1138600.0,107.16773986816406,-2.126,2020-03-31,13,2020,31,Tuesday,-0.9139999999999999,2.574806788867856
107.94000244140625,104.83999633789062,107.12000274658203,105.52999877929688,1070500.0,102.34761810302734,-4.498,2020-04-01,13,2020,1,Wednesday,-0.9139999999999999,2.574806788867856
106.06999969482422,103.22000122070312,103.83999633789062,104.98999786376953,1026700.0,101.82389831542969,-0.512,2020-04-02,13,2020,2,Thursday,-0.9139999999999999,2.574806788867856
105.55000305175781,103.83000183105469,104.76000213623047,105.19000244140625,954300.0,102.01786804199219,0.19,2020-04-03,13,2020,3,Friday,-0.9139999999999999,2.574806788867856
112.08999633789062,108.6500015258789,108.75,112.01000213623047,1252400.0,108.63220977783203,6.484,2020-04-06,14,2020,6,Monday,3.683,2.989925640100993
114.25,111.55000305175781,114.19000244140625,111.83000183105469,929400.0,108.45763397216797,-0.161,2020-04-07,14,2020,7,Tuesday,3.683,2.989925640100993
115.69999694824219,112.95999908447266,114.06999969482422,115.0199966430664,1214600.0,111.55143737792969,2.853,2020-04-08,14,2020,8,Wednesday,3.683,2.989925640100993
121.79000091552734,119.31999969482422,120.08000183105469,121.41000366210938,1371800.0,117.74874114990234,5.556,2020-04-09,14,2020,9,Thursday,3.683,2.989925640100993
122.63999938964844,119.97000122070312,120.0999984741211,122.37999725341797,1060800.0,118.68948364257812,0.799,2020-04-13,15,2020,13,Monday,0.35460000000000014,2.611575252601387
126.0999984741211,122.80999755859375,124.58999633789062,123.33000183105469,1110900.0,119.61083984375,0.776,2020-04-14,15,2020,14,Tuesday,0.35460000000000014,2.611575252601387
120.05000305175781,117.1500015258789,117.48999786376953,118.6500015258789,1144700.0,115.07197570800781,-3.795,2020-04-15,15,2020,15,Wednesday,0.35460000000000014,2.611575252601387
120.56999969482422,118.22000122070312,120.43000030517578,119.27999877929688,693300.0,115.68296813964844,0.531,2020-04-16,15,2020,16,Thursday,0.35460000000000014,2.611575252601387
123.69000244140625,121.9800033569336,122.97000122070312,123.41000366210938,709300.0,119.68843078613281,3.462,2020-04-17,15,2020,17,Friday,0.35460000000000014,2.611575252601387
124.13999938964844,121.23999786376953,121.26000213623047,122.55999755859375,919400.0,118.86405181884766,-0.689,2020-04-20,16,2020,20,Monday,-1.1188,2.640354275471381
119.19999694824219,114.58999633789062,118.93000030517578,116.0,1671500.0,112.50188446044922,-5.352,2020-04-21,16,2020,21,Tuesday,-1.1188,2.640354275471381
117.62000274658203,116.4000015258789,117.37999725341797,117.0999984741211,996500.0,113.56871032714844,0.948,2020-04-22,16,2020,22,Wednesday,-1.1188,2.640354275471381
118.37000274658203,115.12000274658203,115.2300033569336,115.1500015258789,918200.0,111.6775131225586,-1.665,2020-04-23,16,2020,23,Thursday,-1.1188,2.640354275471381
116.55999755859375,114.94999694824219,116.25,116.48999786376953,715700.0,112.97710418701172,1.164,2020-04-24,16,2020,24,Friday,-1.1188,2.640354275471381
117.41999816894531,116.0999984741211,116.44000244140625,116.86000061035156,657300.0,113.33594512939453,0.318,2020-04-27,17,2020,27,Monday,0.08839999999999999,1.216426241084925
119.25,116.73999786376953,119.2300033569336,116.86000061035156,693500.0,113.33594512939453,0.0,2020-04-28,17,2020,28,Tuesday,0.08839999999999999,1.216426241084925
119.69000244140625,117.73999786376953,117.88999938964844,119.1500015258789,571800.0,115.55689239501953,1.96,2020-04-29,17,2020,29,Wednesday,0.08839999999999999,1.216426241084925
120.22000122070312,117.55999755859375,120.22000122070312,118.54000091552734,651600.0,114.96528625488281,-0.512,2020-04-30,17,2020,30,Thursday,0.08839999999999999,1.216426241084925
117.8499984741211,116.08000183105469,116.86000061035156,116.97000122070312,654300.0,113.442626953125,-1.324,2020-05-01,17,2020,1,Friday,0.08839999999999999,1.216426241084925
117.22000122070312,115.44999694824219,115.94999694824219,117.19000244140625,552900.0,113.65599822998047,0.188,2020-05-04,18,2020,4,Monday,-0.023600000000000065,1.872804127505063
118.20999908447266,116.19999694824219,116.43000030517578,116.56999969482422,757700.0,113.0546875,-0.529,2020-05-05,18,2020,5,Tuesday,-0.023600000000000065,1.872804127505063
115.2300033569336,113.0199966430664,114.69999694824219,113.1500015258789,1047900.0,109.73783111572266,-2.934,2020-05-06,18,2020,6,Wednesday,-0.023600000000000065,1.872804127505063
117.0999984741211,115.01000213623047,117.02999877929688,115.22000122070312,801900.0,111.74539947509766,1.829,2020-05-07,18,2020,7,Thursday,-0.023600000000000065,1.872804127505063
117.06999969482422,115.83999633789062,116.19000244140625,116.75,476200.0,113.2292709350586,1.328,2020-05-08,18,2020,8,Friday,-0.023600000000000065,1.872804127505063
116.19000244140625,114.7300033569336,114.87999725341797,115.27999877929688,408200.0,111.80359649658203,-1.259,2020-05-11,19,2020,11,Monday,-0.6127999999999999,0.5126199371854356
116.45999908447266,114.33000183105469,116.2300033569336,114.41999816894531,652600.0,110.96952819824219,-0.746,2020-05-12,19,2020,12,Tuesday,-0.6127999999999999,0.5126199371854356
116.48999786376953,112.91000366210938,116.41999816894531,114.08000183105469,696000.0,110.63978576660156,-0.297,2020-05-13,19,2020,13,Wednesday,-0.6127999999999999,0.5126199371854356
113.19999694824219,109.81999969482422,110.5999984741211,113.12999725341797,653200.0,109.71842956542969,-0.833,2020-05-14,19,2020,14,Thursday,-0.6127999999999999,0.5126199371854356
113.37999725341797,111.97000122070312,112.31999969482422,113.20999908447266,749500.0,109.7960205078125,0.071,2020-05-15,19,2020,15,Friday,-0.6127999999999999,0.5126199371854356
117.93000030517578,115.98999786376953,116.41000366210938,117.4800033569336,621500.0,113.937255859375,3.772,2020-05-18,20,2020,18,Monday,0.8106000000000002,2.3423409871323178
118.55000305175781,117.19000244140625,117.5,117.2300033569336,742100.0,113.69479370117188,-0.213,2020-05-19,20,2020,19,Tuesday,0.8106000000000002,2.3423409871323178
121.19000244140625,119.43000030517578,120.12999725341797,120.30000305175781,865100.0,116.6722183227539,2.619,2020-05-20,20,2020,20,Wednesday,0.8106000000000002,2.3423409871323178
118.94999694824219,116.13999938964844,118.70999908447266,116.19000244140625,948200.0,114.31295013427734,-2.022,2020-05-21,20,2020,21,Thursday,0.8106000000000002,2.3423409871323178
116.62000274658203,115.18000030517578,115.62000274658203,116.06999969482422,802600.0,114.19488525390625,-0.103,2020-05-22,20,2020,22,Friday,0.8106000000000002,2.3423409871323178
123.55999755859375,121.06999969482422,123.5199966430664,121.47000122070312,957600.0,119.50765228271484,4.652,2020-05-26,21,2020,26,Tuesday,2.5100000000000002,1.9443122177263612
123.69000244140625,121.56999969482422,123.58999633789062,122.9800033569336,860300.0,120.9932632446289,1.243,2020-05-27,21,2020,27,Wednesday,2.5100000000000002,1.9443122177263612
125.20999908447266,123.23999786376953,123.26000213623047,123.62999725341797,778700.0,121.63275146484375,0.529,2020-05-28,21,2020,28,Thursday,2.5100000000000002,1.9443122177263612
128.13999938964844,124.91000366210938,127.2699966430664,128.10000610351562,1773300.0,126.03054809570312,3.616,2020-05-29,21,2020,29,Friday,2.5100000000000002,1.9443122177263612
128.50999450683594,127.18000030517578,127.66000366210938,128.50999450683594,664600.0,126.43391418457031,0.32,2020-06-01,22,2020,1,Monday,1.1798,0.8131550897584051
130.47999572753906,128.7899932861328,129.35000610351562,130.4600067138672,721400.0,128.35243225097656,1.517,2020-06-02,22,2020,2,Tuesday,1.1798,0.8131550897584051
133.99000549316406,131.25999450683594,131.6300048828125,133.55999755859375,774400.0,131.40232849121094,2.376,2020-06-03,22,2020,3,Wednesday,1.1798,0.8131550897584051
135.49000549316406,133.57000732421875,133.6999969482422,134.33999633789062,842400.0,132.16973876953125,0.584,2020-06-04,22,2020,4,Thursday,1.1798,0.8131550897584051
137.10000610351562,135.3300018310547,135.80999755859375,135.82000732421875,778700.0,133.62583923339844,1.102,2020-06-05,22,2020,5,Friday,1.1798,0.8131550897584051
136.67999267578125,134.72000122070312,135.64999389648438,136.61000061035156,565500.0,134.40306091308594,0.582,2020-06-08,23,2020,8,Monday,-0.8260000000000002,2.4529548507871075
137.9199981689453,136.24000549316406,137.3800048828125,136.74000549316406,664000.0,134.53097534179688,0.095,2020-06-09,23,2020,9,Tuesday,-0.8260000000000002,2.4529548507871075
137.8699951171875,136.11000061035156,137.58999633789062,136.5800018310547,603700.0,134.37355041503906,-0.117,2020-06-10,23,2020,10,Wednesday,-0.8260000000000002,2.4529548507871075
135.66000366210938,129.3699951171875,135.60000610351562,129.5,1119100.0,127.40792846679688,-5.184,2020-06-11,23,2020,11,Thursday,-0.8260000000000002,2.4529548507871075
132.4199981689453,127.63999938964844,131.92999267578125,130.13999938964844,1082100.0,128.03758239746094,0.494,2020-06-12,23,2020,12,Friday,-0.8260000000000002,2.4529548507871075
131.38999938964844,127.54000091552734,127.97000122070312,130.4199981689453,795700.0,128.3130645751953,0.215,2020-06-15,24,2020,15,Monday,1.0402,0.872234601469123
134.86000061035156,131.91000366210938,133.5399932861328,133.52999877929688,709100.0,131.37281799316406,2.385,2020-06-16,24,2020,16,Tuesday,1.0402,0.872234601469123
135.74000549316406,133.91000366210938,135.1300048828125,134.52000427246094,648100.0,132.34683227539062,0.741,2020-06-17,24,2020,17,Wednesday,1.0402,0.872234601469123
135.60000610351562,133.75,134.94000244140625,135.13999938964844,446900.0,132.95681762695312,0.461,2020-06-18,24,2020,18,Thursday,1.0402,0.872234601469123
139.5500030517578,135.97999572753906,138.94000244140625,137.02999877929688,1036100.0,134.8162841796875,1.399,2020-06-19,24,2020,19,Friday,1.0402,0.872234601469123
140.99000549316406,138.55999755859375,139.22999572753906,140.97999572753906,1635000.0,138.7024688720703,2.883,2020-06-22,25,2020,22,Monday,-0.01200000000000001,2.4590450382211384
143.0500030517578,140.7100067138672,142.60000610351562,141.07000732421875,1356900.0,138.791015625,0.064,2020-06-23,25,2020,23,Tuesday,-0.01200000000000001,2.4590450382211384
139.36000061035156,134.9199981689453,138.5399932861328,135.85000610351562,858000.0,133.6553497314453,-3.7,2020-06-24,25,2020,24,Wednesday,-0.01200000000000001,2.4590450382211384
137.97999572753906,134.08999633789062,134.85000610351562,137.66000366210938,929700.0,135.4361114501953,1.332,2020-06-25,25,2020,25,Thursday,-0.01200000000000001,2.4590450382211384
138.82000732421875,135.9600067138672,138.61000061035156,136.77999877929688,450300.0,134.5703125,-0.639,2020-06-26,25,2020,26,Friday,-0.01200000000000001,2.4590450382211384
138.8000030517578,136.75999450683594,138.0800018310547,138.42999267578125,626600.0,136.1936492919922,1.206,2020-06-29,26,2020,29,Monday,1.0935,0.7893459317688286
140.42999267578125,137.8800048828125,138.22000122070312,140.0,463800.0,137.73829650878906,1.134,2020-06-30,26,2020,30,Tuesday,1.0935,0.7893459317688286
140.77999877929688,138.39999389648438,138.6199951171875,140.0800018310547,472000.0,137.81700134277344,0.057,2020-07-01,26,2020,1,Wednesday,1.0935,0.7893459317688286
143.6199951171875,142.39999389648438,142.63999938964844,142.85000610351562,536500.0,140.54226684570312,1.977,2020-07-02,26,2020,2,Thursday,1.0935,0.7893459317688286
147.91000366210938,146.42999267578125,147.2100067138672,147.55999755859375,695300.0,145.17616271972656,3.297,2020-07-06,27,2020,6,Monday,1.472,2.506129585635986
145.7100067138672,143.9199981689453,145.0399932861328,144.05999755859375,670200.0,141.7327117919922,-2.372,2020-07-07,27,2020,7,Tuesday,1.472,2.506129585635986
147.1999969482422,144.91000366210938,145.1999969482422,146.9499969482422,433500.0,144.57601928710938,2.006,2020-07-08,27,2020,8,Wednesday,1.472,2.506129585635986
155.60000610351562,151.27999877929688,155.42999267578125,152.6699981689453,1718400.0,150.20361328125,3.892,2020-07-09,27,2020,9,Thursday,1.472,2.506129585635986
153.5,151.3300018310547,152.7100067138672,153.49000549316406,714100.0,151.0103759765625,0.537,2020-07-10,27,2020,10,Friday,1.472,2.506129585635986
156.2899932861328,150.42999267578125,155.6199951171875,150.92999267578125,989100.0,148.49171447753906,-1.668,2020-07-13,28,2020,13,Monday,0.3716,1.621600844844378
153.94000244140625,151.05999755859375,151.2899932861328,153.85000610351562,776300.0,151.36456298828125,1.935,2020-07-14,28,2020,14,Tuesday,0.3716,1.621600844844378
157.22999572753906,154.6699981689453,155.52000427246094,156.61000061035156,944200.0,154.07997131347656,1.794,2020-07-15,28,2020,15,Wednesday,0.3716,1.621600844844378
156.5800018310547,154.52000427246094,155.5500030517578,155.1199951171875,476100.0,152.61402893066406,-0.951,2020-07-16,28,2020,16,Thursday,0.3716,1.621600844844378
156.58999633789062,154.66000366210938,155.47999572753906,156.27999877929688,456800.0,153.7552947998047,0.748,2020-07-17,28,2020,17,Friday,0.3716,1.621600844844378
159.89999389648438,157.42999267578125,157.69000244140625,159.77000427246094,491600.0,157.1889190673828,2.233,2020-07-20,29,2020,20,Monday,0.31300000000000006,1.9607696193076842
163.94000244140625,161.77000427246094,163.0,162.50999450683594,718300.0,159.8846435546875,1.715,2020-07-21,29,2020,21,Tuesday,0.31300000000000006,1.9607696193076842
165.27999877929688,163.60000610351562,164.86000061035156,164.47000122070312,701900.0,161.81298828125,1.206,2020-07-22,29,2020,22,Wednesday,0.31300000000000006,1.9607696193076842
164.6300048828125,160.7899932861328,163.6699981689453,161.27000427246094,682700.0,158.66468811035156,-1.946,2020-07-23,29,2020,23,Thursday,0.31300000000000006,1.9607696193076842
159.02999877929688,156.99000549316406,157.4600067138672,158.6199951171875,890400.0,156.0574951171875,-1.643,2020-07-24,29,2020,24,Friday,0.31300000000000006,1.9607696193076842
165.38999938964844,162.0800018310547,162.27999877929688,164.8699951171875,1168700.0,162.20651245117188,3.94,2020-07-27,30,2020,27,Monday,0.11320000000000005,3.0787859945114726
162.13999938964844,160.2100067138672,161.82000732421875,160.36000061035156,596100.0,157.76937866210938,-2.735,2020-07-28,30,2020,28,Tuesday,0.11320000000000005,3.0787859945114726
165.42999267578125,163.5800018310547,163.83999633789062,164.66000366210938,459300.0,161.9999237060547,2.681,2020-07-29,30,2020,29,Wednesday,0.11320000000000005,3.0787859945114726
160.5500030517578,156.3000030517578,158.16000366210938,160.1699981689453,790300.0,157.58245849609375,-2.727,2020-07-30,30,2020,30,Thursday,0.11320000000000005,3.0787859945114726
160.75999450683594,156.9199981689453,160.6699981689453,159.22000122070312,701000.0,156.64779663085938,-0.593,2020-07-31,30,2020,31,Friday,0.11320000000000005,3.0787859945114726
162.38999938964844,160.4199981689453,160.77999877929688,162.14999389648438,443700.0,159.53045654296875,1.84,2020-08-03,31,2020,3,Monday,0.24900000000000003,1.1694626971391604
160.27000427246094,158.63999938964844,158.64999389648438,160.25999450683594,466400.0,157.67098999023438,-1.166,2020-08-04,31,2020,4,Tuesday,0.24900000000000003,1.1694626971391604
162.97000122070312,161.0399932861328,162.07000732421875,161.63999938964844,338100.0,159.02870178222656,0.861,2020-08-05,31,2020,5,Wednesday,0.24900000000000003,1.1694626971391604
162.22000122070312,160.0500030517578,160.6300048828125,161.97999572753906,446400.0,159.3632049560547,0.21,2020-08-06,31,2020,6,Thursday,0.24900000000000003,1.1694626971391604
161.85000610351562,160.00999450683594,161.27999877929688,161.1699981689453,370900.0,158.56629943847656,-0.5,2020-08-07,31,2020,7,Friday,0.24900000000000003,1.1694626971391604
159.72000122070312,157.94000244140625,159.6199951171875,159.63999938964844,378800.0,157.06101989746094,-0.949,2020-08-10,32,2020,10,Monday,-0.1274,1.32612454166266
162.0800018310547,158.91000366210938,161.94000244140625,159.14999389648438,502300.0,156.57891845703125,-0.307,2020-08-11,32,2020,11,Tuesday,-0.1274,1.32612454166266
163.14999389648438,160.30999755859375,160.30999755859375,162.61000061035156,315400.0,159.9830322265625,2.174,2020-08-12,32,2020,12,Wednesday,-0.1274,1.32612454166266
162.5,160.00999450683594,161.1199951171875,160.85000610351562,399900.0,158.25148010253906,-1.082,2020-08-13,32,2020,13,Thursday,-0.1274,1.32612454166266
160.9499969482422,159.35000610351562,160.4499969482422,160.08999633789062,274500.0,157.5037384033203,-0.473,2020-08-14,32,2020,14,Friday,-0.1274,1.32612454166266
161.6300048828125,159.72999572753906,161.07000732421875,160.47999572753906,310700.0,157.88743591308594,0.244,2020-08-17,33,2020,17,Monday,0.03200000000000003,1.0664738627833314
163.13999938964844,160.74000549316406,162.99000549316406,161.77999877929688,641700.0,159.16644287109375,0.81,2020-08-18,33,2020,18,Tuesday,0.03200000000000003,1.0664738627833314
164.14999389648438,160.89999389648438,163.91000366210938,161.30999755859375,554700.0,158.70404052734375,-0.291,2020-08-19,33,2020,19,Wednesday,0.03200000000000003,1.0664738627833314
163.6300048828125,160.75999450683594,160.8699951171875,162.97999572753906,430500.0,160.3470458984375,1.035,2020-08-20,33,2020,20,Thursday,0.03200000000000003,1.0664738627833314
160.52999877929688,159.1300048828125,159.2100067138672,160.30999755859375,390300.0,157.72018432617188,-1.638,2020-08-21,33,2020,21,Friday,0.03200000000000003,1.0664738627833314
164.5500030517578,162.85000610351562,164.49000549316406,163.88999938964844,446100.0,161.2423553466797,2.233,2020-08-24,34,2020,24,Monday,0.7958000000000001,1.4647447559216589
165.83999633789062,163.89999389648438,165.82000732421875,165.5800018310547,339900.0,162.90505981445312,1.031,2020-08-25,34,2020,25,Tuesday,0.7958000000000001,1.4647447559216589
168.64999389648438,166.00999450683594,166.00999450683594,168.4600067138672,401900.0,165.73854064941406,1.739,2020-08-26,34,2020,26,Wednesday,0.7958000000000001,1.4647447559216589
168.14999389648438,164.60000610351562,168.08999633789062,165.85000610351562,471500.0,163.1707000732422,-1.549,2020-08-27,34,2020,27,Thursday,0.7958000000000001,1.4647447559216589
166.99000549316406,165.3699951171875,166.3000030517578,166.72000122070312,292800.0,164.02664184570312,0.525,2020-08-28,34,2020,28,Friday,0.7958000000000001,1.4647447559216589
166.69000244140625,164.1999969482422,165.47999572753906,165.41000366210938,405700.0,162.73780822753906,-0.786,2020-08-31,35,2020,31,Monday,-0.8703999999999998,2.220919696882352
166.4600067138672,164.67999267578125,165.67999267578125,166.36000061035156,537800.0,163.67245483398438,0.574,2020-09-01,35,2020,1,Tuesday,-0.8703999999999998,2.220919696882352
169.3000030517578,166.2899932861328,167.66000366210938,169.02000427246094,503100.0,166.28948974609375,1.599,2020-09-02,35,2020,2,Wednesday,-0.8703999999999998,2.220919696882352
167.60000610351562,160.72000122070312,167.49000549316406,161.9199981689453,480500.0,159.30418395996094,-4.201,2020-09-03,35,2020,3,Thursday,-0.8703999999999998,2.220919696882352
161.3000030517578,153.94000244140625,160.42999267578125,159.42999267578125,702500.0,156.85440063476562,-1.538,2020-09-04,35,2020,4,Friday,-0.8703999999999998,2.220919696882352
158.47000122070312,154.6699981689453,155.72000122070312,154.69000244140625,985400.0,152.19097900390625,-2.973,2020-09-08,36,2020,8,Tuesday,0.06925,3.5879122411229623
163.67999267578125,159.82000732421875,160.8300018310547,162.4499969482422,994700.0,159.82562255859375,5.016,2020-09-09,36,2020,9,Wednesday,0.06925,3.5879122411229623
163.1199951171875,158.52000427246094,162.4600067138672,159.0,503900.0,156.4313507080078,-2.124,2020-09-10,36,2020,10,Thursday,0.06925,3.5879122411229623
160.80999755859375,158.2899932861328,160.47000122070312,159.57000732421875,385800.0,156.99215698242188,0.358,2020-09-11,36,2020,11,Friday,0.06925,3.5879122411229623
161.6300048828125,159.83999633789062,160.91000366210938,160.6999969482422,389100.0,158.1038818359375,0.708,2020-09-14,37,2020,14,Monday,0.07479999999999999,0.7852328953883683
161.33999633789062,159.8000030517578,160.72000122070312,160.6699981689453,566500.0,158.07437133789062,-0.019,2020-09-15,37,2020,15,Tuesday,0.07479999999999999,0.7852328953883683
161.69000244140625,158.86000061035156,161.33999633789062,158.97000122070312,567600.0,156.40184020996094,-1.058,2020-09-16,37,2020,16,Wednesday,0.07479999999999999,0.7852328953883683
161.02999877929688,158.97000122070312,159.33999633789062,160.42999267578125,593100.0,157.83824157714844,0.918,2020-09-17,37,2020,17,Thursday,0.07479999999999999,0.7852328953883683
162.1699981689453,159.25,162.11000061035156,160.14999389648438,713200.0,157.56277465820312,-0.175,2020-09-18,37,2020,18,Friday,0.07479999999999999,0.7852328953883683
156.1699981689453,153.1699981689453,155.66000366210938,155.8800048828125,599900.0,153.36175537109375,-2.666,2020-09-21,38,2020,21,Monday,-1.0163999999999997,1.913466043597325
157.32000732421875,154.97000122070312,156.3699951171875,157.22999572753906,361500.0,154.68994140625,0.866,2020-09-22,38,2020,22,Tuesday,-1.0163999999999997,1.913466043597325
155.63999938964844,151.8300018310547,155.3000030517578,152.11000061035156,449500.0,149.6526641845703,-3.256,2020-09-23,38,2020,23,Wednesday,-1.0163999999999997,1.913466043597325
155.00999450683594,151.75,152.86000061035156,153.33999633789062,513700.0,150.86279296875,0.809,2020-09-24,38,2020,24,Thursday,-1.0163999999999997,1.913466043597325
153.0399932861328,149.42999267578125,149.92999267578125,152.05999755859375,632200.0,149.6034698486328,-0.835,2020-09-25,38,2020,25,Friday,-1.0163999999999997,1.913466043597325
157.63999938964844,155.5,155.92999267578125,157.0800018310547,777100.0,154.54237365722656,3.301,2020-09-28,39,2020,28,Monday,0.3052,1.8569725899969551
157.52000427246094,156.1300048828125,156.39999389648438,156.57000732421875,488200.0,154.04061889648438,-0.325,2020-09-29,39,2020,29,Tuesday,0.3052,1.8569725899969551
157.02999877929688,154.58999633789062,156.05999755859375,155.80999755859375,507200.0,153.2928924560547,-0.485,2020-09-30,39,2020,30,Wednesday,0.3052,1.8569725899969551
157.4199981689453,155.4199981689453,156.38999938964844,156.82000732421875,462700.0,154.2865753173828,0.648,2020-10-01,39,2020,1,Thursday,0.3052,1.8569725899969551
155.88999938964844,153.8300018310547,154.74000549316406,154.2899932861328,542400.0,151.7974395751953,-1.613,2020-10-02,39,2020,2,Friday,0.3052,1.8569725899969551
156.75,154.72999572753906,154.7899932861328,156.60000610351562,290700.0,154.07012939453125,1.497,2020-10-05,40,2020,5,Monday,0.37260000000000004,1.2261554958487115
156.3699951171875,153.74000549316406,155.69000244140625,154.0500030517578,667800.0,151.5613250732422,-1.628,2020-10-06,40,2020,6,Tuesday,0.37260000000000004,1.2261554958487115
154.60000610351562,152.41000366210938,153.38999938964844,154.32000732421875,880900.0,151.82696533203125,0.175,2020-10-07,40,2020,7,Wednesday,0.37260000000000004,1.2261554958487115
156.2899932861328,155.0399932861328,155.5500030517578,156.1199951171875,377100.0,153.59786987304688,1.166,2020-10-08,40,2020,8,Thursday,0.37260000000000004,1.2261554958487115
157.7100067138672,156.60000610351562,156.69000244140625,157.13999938964844,282500.0,154.6013946533203,0.653,2020-10-09,40,2020,9,Friday,0.37260000000000004,1.2261554958487115
159.4600067138672,157.9499969482422,158.16000366210938,158.77000427246094,313900.0,156.205078125,1.037,2020-10-12,41,2020,12,Monday,-0.24959999999999996,1.5001134290446172
157.64999389648438,155.99000549316406,157.0399932861328,156.60000610351562,357700.0,154.07012939453125,-1.367,2020-10-13,41,2020,13,Tuesday,-0.24959999999999996,1.5001134290446172
158.6999969482422,156.49000549316406,158.36000061035156,157.44000244140625,369100.0,154.8965606689453,0.536,2020-10-14,41,2020,14,Wednesday,-0.24959999999999996,1.5001134290446172
154.0500030517578,152.13999938964844,152.75,153.8000030517578,574700.0,151.31536865234375,-2.312,2020-10-15,41,2020,15,Thursday,-0.24959999999999996,1.5001134290446172
157.2100067138672,154.7100067138672,155.63999938964844,155.1199951171875,679300.0,152.61402893066406,0.858,2020-10-16,41,2020,16,Friday,-0.24959999999999996,1.5001134290446172
156.2899932861328,152.1999969482422,156.05999755859375,152.50999450683594,388300.0,150.0461883544922,-1.683,2020-10-19,42,2020,19,Monday,-0.7052000000000002,1.2529675574411334
152.80999755859375,150.3800048828125,151.8300018310547,150.66000366210938,545700.0,148.22608947753906,-1.213,2020-10-20,42,2020,20,Tuesday,-0.7052000000000002,1.2529675574411334
149.86000061035156,148.0800018310547,148.22999572753906,148.3699951171875,847600.0,145.97308349609375,-1.52,2020-10-21,42,2020,21,Wednesday,-0.7052000000000002,1.2529675574411334
148.58999633789062,145.3800048828125,146.58999633789062,147.63999938964844,844500.0,145.25486755371094,-0.492,2020-10-22,42,2020,22,Thursday,-0.7052000000000002,1.2529675574411334
149.80999755859375,147.14999389648438,148.05999755859375,149.67999267578125,1204100.0,147.2619171142578,1.382,2020-10-23,42,2020,23,Friday,-0.7052000000000002,1.2529675574411334
118.69000244140625,113.2300033569336,118.2699966430664,115.0199966430664,11290200.0,113.16184997558594,-23.156,2020-10-26,43,2020,26,Monday,-6.0729999999999995,9.82500083969462
118.66999816894531,113.86000061035156,118.52999877929688,114.5,6608600.0,112.65025329589844,-0.452,2020-10-27,43,2020,27,Tuesday,-6.0729999999999995,9.82500083969462
110.33999633789062,107.69999694824219,109.66999816894531,108.11000061035156,5486700.0,106.36347961425781,-5.581,2020-10-28,43,2020,28,Wednesday,-6.0729999999999995,9.82500083969462
109.87000274658203,106.05999755859375,106.80000305175781,108.62999725341797,2824800.0,106.87507629394531,0.481,2020-10-29,43,2020,29,Thursday,-6.0729999999999995,9.82500083969462
108.1500015258789,105.66000366210938,108.0,106.83000183105469,2615900.0,105.10416412353516,-1.657,2020-10-30,43,2020,30,Friday,-6.0729999999999995,9.82500083969462
106.33000183105469,104.63999938964844,106.30999755859375,105.83000183105469,2235600.0,104.12031555175781,-0.936,2020-11-02,44,2020,2,Monday,1.5230000000000001,2.0878012357501854
110.69000244140625,108.33999633789062,108.5,109.70999908447266,1834500.0,107.93763732910156,3.666,2020-11-03,44,2020,3,Tuesday,1.5230000000000001,2.0878012357501854
113.77999877929688,110.88999938964844,111.63999938964844,112.44999694824219,1836800.0,110.63336944580078,2.497,2020-11-04,44,2020,4,Wednesday,1.5230000000000001,2.0878012357501854
117.12999725341797,114.2300033569336,117.06999969482422,115.68000030517578,2559800.0,113.81118774414062,2.872,2020-11-05,44,2020,5,Thursday,1.5230000000000001,2.0878012357501854
116.83000183105469,114.97000122070312,116.69999694824219,115.12000274658203,1770200.0,113.26023864746094,-0.484,2020-11-06,44,2020,6,Friday,1.5230000000000001,2.0878012357501854
120.0999984741211,115.22000122070312,120.05000305175781,115.22000122070312,3263900.0,113.3586196899414,0.087,2020-11-09,45,2020,9,Monday,0.8983999999999999,1.7547311190037067
119.30000305175781,116.58999633789062,119.29000091552734,116.77999877929688,2269500.0,114.89341735839844,1.354,2020-11-10,45,2020,10,Tuesday,0.8983999999999999,1.7547311190037067
119.7300033569336,118.5,119.0,119.51000213623047,1725700.0,117.57931518554688,2.338,2020-11-11,45,2020,11,Wednesday,0.8983999999999999,1.7547311190037067
119.62000274658203,117.22000122070312,119.3499984741211,117.43000030517578,1525700.0,115.53292083740234,-1.74,2020-11-12,45,2020,12,Thursday,0.8983999999999999,1.7547311190037067
120.43000030517578,119.25,119.62999725341797,120.30999755859375,1052100.0,118.36638641357422,2.453,2020-11-13,45,2020,13,Friday,0.8983999999999999,1.7547311190037067
120.69000244140625,118.47000122070312,120.55999755859375,118.94999694824219,849100.0,117.02835845947266,-1.13,2020-11-16,46,2020,16,Monday,-0.5475999999999999,1.1726019358674111
117.6500015258789,116.43000030517578,117.44999694824219,116.98999786376953,1367600.0,115.10002136230469,-1.648,2020-11-17,46,2020,17,Tuesday,-0.5475999999999999,1.1726019358674111
119.45999908447266,117.87999725341797,118.48999786376953,117.93000030517578,1600800.0,116.02484130859375,0.803,2020-11-18,46,2020,18,Wednesday,-0.5475999999999999,1.1726019358674111
118.68000030517578,117.43000030517578,117.91000366210938,118.68000030517578,1469900.0,116.76272583007812,0.636,2020-11-19,46,2020,19,Thursday,-0.5475999999999999,1.1726019358674111
117.70999908447266,116.7300033569336,117.30999755859375,117.0199966430664,1374000.0,115.1295394897461,-1.399,2020-11-20,46,2020,20,Friday,-0.5475999999999999,1.1726019358674111
118.0,116.2300033569336,117.83000183105469,117.38999938964844,1365400.0,115.49356079101562,0.316,2020-11-23,47,2020,23,Monday,0.47475,0.7381180461145764
117.25,115.69999694824219,117.19000244140625,116.80000305175781,1705000.0,114.91310119628906,-0.503,2020-11-24,47,2020,24,Tuesday,0.47475,0.7381180461145764
118.13999938964844,116.55000305175781,116.58999633789062,118.08999633789062,1040400.0,116.1822509765625,1.104,2020-11-25,47,2020,25,Wednesday,0.47475,0.7381180461145764
120.0199966430664,119.12999725341797,119.43000030517578,119.25,504900.0,117.32351684570312,0.982,2020-11-27,47,2020,27,Friday,0.47475,0.7381180461145764
121.87999725341797,120.0199966430664,121.68000030517578,121.16000366210938,1918100.0,119.2026596069336,1.602,2020-11-30,48,2020,30,Monday,0.8926000000000001,1.0539090567975968
123.18000030517578,121.68000030517578,122.16000366210938,123.0199966430664,1288500.0,121.03260803222656,1.535,2020-12-01,48,2020,1,Tuesday,0.8926000000000001,1.0539090567975968
122.83000183105469,121.75,122.45999908447266,122.5,582000.0,120.52101135253906,-0.423,2020-12-02,48,2020,2,Wednesday,0.8926000000000001,1.0539090567975968
123.06999969482422,121.7699966430664,121.7699966430664,122.41000366210938,602800.0,120.4324722290039,-0.073,2020-12-03,48,2020,3,Thursday,0.8926000000000001,1.0539090567975968
124.86000061035156,123.69999694824219,123.75,124.63999938964844,624800.0,122.6264419555664,1.822,2020-12-04,48,2020,4,Friday,0.8926000000000001,1.0539090567975968
123.81999969482422,123.01000213623047,123.12000274658203,123.22000122070312,537300.0,121.22937774658203,-1.139,2020-12-07,49,2020,7,Monday,-0.6122,0.9399450515854637
124.0999984741211,122.83000183105469,122.9800033569336,123.98999786376953,516700.0,121.9869384765625,0.625,2020-12-08,49,2020,8,Tuesday,-0.6122,0.9399450515854637
125.38999938964844,122.2300033569336,125.23999786376953,122.9800033569336,871500.0,120.9932632446289,-0.815,2020-12-09,49,2020,9,Wednesday,-0.6122,0.9399450515854637
123.25,120.7699966430664,121.05000305175781,123.0,765100.0,121.01293182373047,0.016,2020-12-10,49,2020,10,Thursday,-0.6122,0.9399450515854637
121.76000213623047,119.87999725341797,121.12000274658203,120.8499984741211,1005500.0,118.89766693115234,-1.748,2020-12-11,49,2020,11,Friday,-0.6122,0.9399450515854637
122.13999938964844,121.06999969482422,121.08999633789062,121.30999755859375,942300.0,119.35023498535156,0.381,2020-12-14,50,2020,14,Monday,1.0604,1.4812323585447356
123.25,122.33999633789062,122.97000122070312,123.06999969482422,643900.0,121.08180236816406,1.451,2020-12-15,50,2020,15,Tuesday,1.0604,1.4812323585447356
125.4800033569336,124.11000061035156,124.12999725341797,125.0,657600.0,122.98062133789062,1.568,2020-12-16,50,2020,16,Wednesday,1.0604,1.4812323585447356
128.77999877929688,127.80000305175781,128.14999389648438,128.6699981689453,955100.0,126.5913314819336,2.936,2020-12-17,50,2020,17,Thursday,1.0604,1.4812323585447356
128.5500030517578,126.44999694824219,128.5500030517578,127.33999633789062,1318200.0,125.28282165527344,-1.034,2020-12-18,50,2020,18,Friday,1.0604,1.4812323585447356
125.66000366210938,123.16999816894531,124.12000274658203,125.31999969482422,831600.0,123.29545593261719,-1.586,2020-12-21,51,2020,21,Monday,-0.24875000000000003,0.9147857217221237
126.76000213623047,125.58000183105469,126.44999694824219,125.93000030517578,860400.0,123.89559936523438,0.487,2020-12-22,51,2020,22,Tuesday,-0.24875000000000003,0.9147857217221237
127.05000305175781,125.80000305175781,126.83999633789062,126.0,616500.0,123.96446990966797,0.056,2020-12-23,51,2020,23,Wednesday,-0.24875000000000003,0.9147857217221237
126.30999755859375,125.5999984741211,125.91999816894531,126.05999755859375,223500.0,124.02349853515625,0.048,2020-12-24,51,2020,24,Thursday,-0.24875000000000003,0.9147857217221237
131.0,128.0800018310547,129.33999633789062,130.91000366210938,1626100.0,128.79515075683594,3.847,2020-12-28,52,2020,28,Monday,0.8635,2.0552867602032245
132.36000061035156,129.80999755859375,131.9499969482422,129.9499969482422,1058500.0,127.85065460205078,-0.733,2020-12-29,52,2020,29,Tuesday,0.8635,2.0552867602032245
131.30999755859375,130.3300018310547,130.5500030517578,130.63999938964844,407200.0,128.52951049804688,0.531,2020-12-30,52,2020,30,Wednesday,0.8635,2.0552867602032245
130.86000061035156,129.64999389648438,130.6699981689453,130.38999938964844,379000.0,128.28355407714844,-0.191,2020-12-31,52,2020,31,Thursday,0.8635,2.0552867602032245
